,MJD,Dec. (micas),Err. Dec. (micas)
0,47165.332,4937.698813023,1015.9
1,47610.794,7737.098411553,1641.5
2,47620.337999999996,-460.799986968,1190.7
4,47655.329000000005,2641.701590278,904.1
5,47678.905999999995,-1096.700407288,22298.7
6,47681.247,2351.300415171,581.2
7,47682.35400000001,1562.101206787,783.5999999999999
8,47705.314000000006,-6442.401607387001,1537.0
9,47710.34,420.199197038,674.8
10,47717.29,-1504.501202021,371.40000000000003
11,47726.246,1464.299990062,655.6999999999999
12,47731.053,2149.4988061480003,1344.8
13,47743.205,2217.898799017,682.5
14,47746.054000000004,-6365.599196556,883.6
15,47756.252,-2541.600005657,1576.5
16,47763.157999999996,-299.800785797,987.5
17,47770.335999999996,-4586.500804749,832.5
18,47777.232,-922.1003864470001,789.2
19,47780.310999999994,3341.800794487,609.1999999999999
20,47787.258,10700.398800623,6381.599999999999
21,47797.258,-1173.301200197,769.4
22,47805.352,-1593.2988048920001,640.7
23,47811.36,520.40159062,607.0
24,47816.324,10702.598410717,2305.2000000000003
25,47822.314000000006,699.598791698,1063.3
26,47823.18,-1365.5988084340001,1114.2
27,47830.343,1886.7996061539998,1518.2
28,47840.328,-487.699199425,1067.9
29,47850.219000000005,-1002.0996001,888.7
30,47852.239,-2227.701594393,987.1999999999999
31,47865.352,44.499597607000005,702.3000000000001
32,47878.095,1178.6004108670002,767.5
33,47880.29,-756.1007947740001,285.0
34,47882.453,387.000000046,500.2
35,47888.151,8045.301589732,1018.5999999999999
36,47894.254,-692.499600063,253.2
37,47899.258,1939.298411457,356.3
38,47902.425,2447.200790812,501.70000000000005
39,47904.262,674.200791195,259.90000000000003
40,47909.233,1019.498392907,840.0
41,47909.251,-218.001591179,249.29999999999998
42,47914.251,264.30119533000004,274.5
43,47915.310999999994,-5643.1008090390005,1324.8999999999999
44,47916.352,4743.201594692001,1072.6
45,47918.174000000006,260.100011928,929.2
46,47919.248,1010.800812651,252.3
47,47921.096,1098.201593663,357.4
48,47923.083,1281.6000037219999,957.7
49,47924.248,1697.601598494,392.90000000000003
50,47929.249,203.299214263,277.7
51,47930.33,2533.701606922,518.4
52,47934.253,1233.698404235,309.59999999999997
53,47935.272000000004,445.899598844,335.8
54,47936.21,-23.799586301999998,570.3000000000001
55,47937.083,130.399192244,445.0
56,47939.255999999994,-3358.101585604,275.2
57,47940.25,1877.5008044260003,541.6999999999999
58,47941.189000000006,-247.79878629,573.9
59,47942.124,28.501207794,962.8
60,47943.183,-361.69920178999996,472.4
61,47944.249,-1468.7999936309998,335.9
62,47949.246,-1990.59840611,409.9
63,47951.083,-256.89960239100003,400.8
64,47954.25,1259.600398384,306.09999999999997
65,47958.1,-3410.9999944580004,747.4
66,47959.25,-1824.40080323,281.5
67,47964.247,1611.100807963,286.1
68,47965.291,1064.401200779,910.5999999999999
69,47969.251,-197.30160545400003,768.9
70,47972.1,-477.201587046,1305.0
71,47974.247,215.10000181000004,266.29999999999995
72,47978.167,-3242.901601652,224.6
73,47979.248,566.099998878,563.8
74,47979.251,-3481.49878846,467.7
75,47984.248,1075.600792433,296.3
76,47986.070999999996,-1054.7999977460001,652.0
77,47989.248,198.799210693,432.09999999999997
78,47993.083,113.000399438,397.7
79,47994.252,130.20120661599998,289.4
80,47995.34099999999,-954.5004019169999,355.7
81,47998.164000000004,-3436.0992003710003,547.6
82,47999.249,3446.200790336,259.90000000000003
83,48000.067,280.598405311,527.9000000000001
84,48004.249,-1361.498408414,331.7
85,48005.337,447.30000183799996,251.0
86,48007.083,-216.799199393,363.9
87,48009.246,-2546.100009226,335.6
88,48013.16099999999,-2778.598803843,682.1
89,48014.25,83.99880471200001,286.7
90,48018.169,-1261.0008013779998,600.1
91,48019.25,-381.301185826,328.40000000000003
92,48020.337999999996,-885.599996536,671.6999999999999
93,48024.25,-2471.601598586,361.09999999999997
94,48027.255999999994,82.59840171799999,778.0
95,48029.25,3.898807677,315.0
96,48033.172999999995,632.7000107829999,224.89999999999998
97,48034.247,-388.80000659,556.8
98,48034.254,-48.301203037,244.9
99,48036.333,36.298797568000005,366.9
100,48039.247,-2521.2995979019997,329.2
101,48041.27099999999,2001.4992031749998,742.1999999999999
102,48044.251,3456.399608126,300.8
103,48047.246,-4364.099993381,1181.2
104,48049.251,-892.7999971319999,439.3
105,48054.248,2347.498809741,320.6
106,48055.318,-464.10120546599995,551.0
107,48059.252,-500.198385112,294.0
108,48064.252,-487.000801286,305.09999999999997
109,48065.333,60.501594135,448.29999999999995
110,48068.164000000004,-755.39878992,242.0
111,48069.234000000004,205.599607739,749.9
112,48069.253,689.799603037,251.9
113,48071.22900000001,-399.59999469400003,628.1
114,48072.503,-1898.6003937020002,196079.3
115,48072.503,759.099611969,1756.2
116,48074.249,2966.799593196,255.9
117,48078.168,1265.198403644,1119.2
118,48079.249,-1111.600795412,245.7
119,48082.248,2933.600396204,924.5
120,48084.246,3094.1999938249996,250.2
121,48089.246,6511.701590739,388.90000000000003
122,48090.364,-8671.899601609,708.0
123,48093.165,491.698790483,574.1
124,48094.25,-430.89840176,300.20000000000005
125,48097.245,159.001208999,687.0
126,48099.247,-1774.501185992,284.4
127,48104.251,10632.499194685,646.1
128,48104.265,-7486.898397246,986.8
130,48114.251,421.199996481,551.2
131,48115.333,-4087.299586786,1508.5
132,48118.247,522.0000048210001,698.0
133,48119.248,-1547.499587673,532.3
134,48124.252,-4987.598404682,1068.2
135,48126.246,-10394.099993505,6386.0
136,48129.249,-2261.199585973,1225.4
138,48134.245,-2129.000387185,534.4
139,48139.255999999994,-5941.000804910001,507.4
140,48143.165,-329.601587623,705.9
141,48144.253,2447.49961098,523.4
142,48145.334,2541.4991966949997,1618.9
143,48146.415,-6148.198801269999,523.8000000000001
144,48149.25,2358.2987978439996,455.1
145,48154.254,3793.298398591,731.1999999999999
146,48155.346,-1882.1987936239998,974.3000000000001
147,48159.247,-1980.9000008309997,326.0
148,48160.346,-2120.400009176,586.4
149,48164.247,794.8007947790001,317.7
150,48167.242,-150.598791038,788.8
151,48169.247,629.798395835,566.3000000000001
152,48169.251,251.49960833900005,410.1
153,48170.33900000001,-265.701598323,379.8
154,48174.258,56.401194115,341.0
155,48176.420999999995,-309.700808998,528.4
156,48179.251,-2983.8995914130005,324.2
157,48181.275,3994.898389692,770.7
158,48183.15900000001,-2346.5015914329997,264.1
159,48184.252,204.30001370600002,321.5
160,48187.254,300.099605965,529.9000000000001
161,48189.248,157.60080600600003,298.4
162,48194.248,-1311.098404244,293.2
163,48196.403,-2351.1996062099997,682.6999999999999
164,48199.249,-2715.0011902679994,318.7
166,48204.245,610.300801895,337.1
167,48204.253,1369.101593696,635.8000000000001
168,48209.249,-16.999189256,308.0
169,48210.316,-1146.398406604,745.8000000000001
170,48213.168,-5621.000394739999,574.3000000000001
171,48214.25,487.000801286,363.0
172,48216.247,722.5991964789999,588.6
173,48219.246,-383.10119236900005,285.5
174,48222.077000000005,241.700394099,226.20000000000002
175,48224.25,-1654.4987971659998,331.7
176,48229.258,-2826.90000688,579.6
177,48231.248,-1310.6988006939998,840.9
178,48234.254,-1128.3011900790002,354.7
179,48236.252,-852.5016085060001,207.8
180,48237.333,514.198808332,821.1
181,48239.251,276.998392224,328.6
182,48243.17,471.49919169,472.0
183,48244.251,-238.201189973,350.9
184,48244.251,463.100406023,584.4
185,48248.517,1613.3003924779998,494.3
186,48254.252,640.8000018609999,332.4
187,48259.248,601.8984095139999,505.09999999999997
188,48260.350999999995,1100.699998346,965.0
189,48264.249,-689.500808448,423.5
190,48265.352,-608.1983940480001,1054.2
191,48267.167,294.300008363,694.6999999999999
192,48269.253,750.099604829,1340.3
193,48272.328,1147.399206047,675.2
194,48273.168,1285.700403741,490.4
195,48274.249,-70.599602964,439.09999999999997
196,48279.249,-270.39958752099994,388.40000000000003
197,48280.345,4139.398814118001,896.9
198,48284.253,448.999199421,459.9
199,48285.334,1677.8016032499997,846.9
200,48289.242999999995,20.498393383,1225.7
201,48294.25,54.90000774,456.8
202,48295.342000000004,-100.10161020099999,652.1
203,48299.247,-825.6995982950001,360.59999999999997
204,48301.40900000001,118.299610108,673.6
205,48301.416,330.300011342,316.90000000000003
206,48304.258,-788.6987958730001,1331.3
207,48307.27099999999,3054.700812299,474.2
208,48309.247,-250.700401239,433.8
209,48312.246,572.500792373,480.0
210,48314.248,-96.09838684800002,435.59999999999997
211,48315.332,165.801606045,720.5
212,48319.248,376.099202981,720.1999999999999
213,48324.252,-347.900396491,414.5
214,48329.252,343.598404129,465.1
215,48331.414000000004,262.80000895399996,714.0999999999999
216,48334.249,425.098804158,516.4
217,48336.415,-4038.8003981210004,641.5
218,48339.249,8.899198177999999,512.7
219,48341.167,11.300400615000001,375.09999999999997
220,48344.249,199.10161199700002,600.5
221,48348.165,4371.998392116,639.0
222,48349.253,-618.400792973,739.6
223,48349.261,1304.099995991,847.5
224,48350.364,531.601207854,747.4
225,48354.25,-657.500396528,486.4
226,48356.259000000005,5291.398807117,835.4
227,48359.25,-30.80160127,543.3
228,48362.285,-2798.30159684,723.9
229,48364.242999999995,-792.601210264,466.7
230,48368.831,-486.50038877400004,539.1
231,48370.335,-59.299202348,380.09999999999997
232,48372.363,1285.700403741,827.8
233,48375.832,-407.001587632,484.8
234,48379.346,-297.79918691,823.2
235,48382.834,-355.29840829400007,484.70000000000005
236,48384.164000000004,143.09999585300002,441.09999999999997
237,48384.27,721.800014958,735.0
238,48386.268,2789.499600908,672.6999999999999
239,48389.832,-855.5004001209999,523.2
240,48390.914000000004,301.39919999800003,474.9
241,48393.251,385.89839164200004,636.5
242,48396.834,-202.201186994,490.3
243,48400.257000000005,-552.70079713,463.9
244,48403.833,-1112.698797101,568.3000000000001
245,48407.357,925.599590573,844.5
246,48410.834,564.098399991,487.8
247,48414.27099999999,3182.9003944489996,483.4
248,48417.833,2352.8988037920003,392.29999999999995
249,48419.169,2040.8003990720003,434.2
250,48421.262,1277.600412664,434.0
251,48424.834,1816.8984013299998,448.1
252,48428.257000000005,-410.198390455,448.90000000000003
253,48431.833,1601.999991863,453.7
254,48433.172999999995,-533.0987875139999,1024.2
255,48435.35,1017.799195324,879.1999999999999
256,48438.834,-32.399989891,444.90000000000003
257,48440.280999999995,340.700395896,498.5
258,48445.833,19.19879935,485.9
259,48447.085,2072.3003984810002,526.8000000000001
260,48449.265999999996,776.401202529,502.49999999999994
261,48452.834,2069.1000145230005,456.7
262,48454.175,2963.4011980309997,270.2
263,48456.334,-2744.701208712,738.6
264,48457.429000000004,-2920.100385495,549.6999999999999
265,48459.248,-250.700401239,466.5
266,48463.259000000005,-375.59879047,833.9
267,48467.251,-1684.799985924,494.40000000000003
268,48470.261,2087.7011991159998,776.6999999999999
269,48473.833,-432.29880475299996,568.6999999999999
270,48475.085,-2342.4011914129997,268.2
271,48475.254,-2984.198386002,515.9
272,48477.262,1176.001197223,595.9
273,48480.831,-113.79960653799999,563.2
274,48484.279,-871.199995345,452.0
275,48487.835999999996,-188.999996453,769.0
276,48489.166,-1361.498408414,872.3
277,48491.343,-61.80118816700001,522.4
278,48494.835,177.098399945,527.4
279,48495.422999999995,196.49879163800003,609.5
280,48497.253,1488.8016067969997,864.1999999999999
281,48498.359000000004,3759.0984021560002,535.0
282,48501.833,-97.89839339199999,560.6999999999999
283,48504.167,1314.399597163,282.1
284,48504.254,-716.500804288,851.3
285,48505.357,436.60079711599997,565.8
286,48509.247,-298.101588214,508.8
287,48512.272000000004,267.09839460200004,469.6
288,48515.835999999996,-916.4015978059999,546.2
289,48519.265999999996,-121.798788655,499.8
290,48522.835,-164.001599501,571.0
291,48524.255,-505.69918812500003,625.8000000000001
292,48525.245,-189.399600004,598.8
293,48526.28599999999,-204.800400638,574.0
294,48529.833,702.1008030959999,537.4
295,48532.247,1227.200408493,727.0
296,48533.332,-581.500799512,458.2
297,48536.831,-94.89960177699999,563.8
298,48540.257000000005,-225.10080839299997,462.1
299,48543.833,45.298804707,486.09999999999997
300,48547.332,941.0003912080001,559.3000000000001
301,48550.835,551.199610754,606.5
302,48554.334,-1870.8983930079999,1924.5
303,48557.833,244.101596536,472.3
304,48559.166,766.1988036030001,361.09999999999997
305,48559.25,918.399589978,581.4
306,48561.255,189.698394593,445.0
307,48564.835,-397.79998814999993,488.4
308,48568.253,-1380.898800107,453.90000000000003
309,48571.837,-404.09999826399996,1328.2
310,48573.17,911.401207304,355.6
311,48573.254,-29.599209483,498.2
312,48575.252,646.1999959130001,424.20000000000005
313,48578.835,-46.59839874,538.0
314,48580.240999999995,-224.398803539,418.1
315,48580.255999999994,-1690.0991965939997,879.7
316,48582.253,182.00161377999999,462.0
317,48585.833,71.30160781800001,443.90000000000003
318,48587.254,292.60081078099995,462.6
319,48592.835,653.299213127,1365.2
320,48594.325,424.400406018,789.6
321,48596.334,35.200795878,510.70000000000005
322,48599.833,952.401600784,987.6
323,48602.233,4586.399995787,286.0
324,48602.255,181.50120126800002,489.5
325,48603.277,1166.900406702,463.9
326,48606.831,137.19961486900002,384.29999999999995
327,48610.334,-540.29878811,569.9
328,48613.504,99.601197689,464.6
329,48617.252,179.20080779300002,465.8
330,48620.83900000001,-245.401190568,1255.1000000000001
331,48624.254,505.198801193,404.5
332,48627.837,143.301613775,764.9
333,48631.252,495.000008982,457.2
334,48634.831,-157.29840470200003,706.5
335,48635.134000000005,839.498403593,1305.0
336,48636.252,-397.900797111,426.0
337,48638.25,-314.79840174599997,477.2
338,48639.331,-1163.998791753,491.5
339,48641.833,-456.098391055,344.9
340,48643.331,-107.398787463,555.2
341,48645.248,49.899591659,415.7
342,48648.831,-418.10039590499997,309.90000000000003
343,48650.252,-1875.8016068430002,379.8
344,48650.34,1161.5004126499998,503.70000000000005
345,48652.25,597.801590629,445.79999999999995
346,48655.84,-112.798807095,393.2
347,48659.252,231.80039647700002,381.0
348,48664.248,139.798802934,634.1
349,48666.082,236.001605458,987.9
350,48667.335,552.200410198,345.7
351,48669.84,314.200812568,805.9
352,48673.259000000005,178.700395281,360.8
353,48676.835,-834.9984000229999,357.70000000000005
354,48678.168,920.09881314,408.5
355,48680.25,-415.400398879,327.7
356,48683.83,-191.199606547,518.4
357,48687.248,450.500411375,378.0
358,48688.333,306.20160487199996,428.8
359,48690.831,-558.601203693,344.9
360,48692.165,-2414.1996050279995,487.4
361,48692.255999999994,-221.799589895,457.2
362,48694.254,132.300007749,483.3
363,48697.833,-689.299190526,942.9
364,48701.252,-243.69838627099998,466.6
365,48704.835,-1023.8003852689999,919.5
366,48708.254,1118.998807215,477.9
367,48711.833,-3749.500805839,2643.6000000000004
368,48715.248,-49.100410138,494.8
369,48718.835,-479.19960479699995,746.8000000000001
370,48722.25,-75.898788054,513.9
371,48725.837,3158.3016010470005,1386.9
372,48727.166,-437.601596559,392.79999999999995
373,48728.248,-593.7011906099999,384.5
374,48732.835,-679.1003983149999,377.90000000000003
375,48736.25,569.599203004,371.7
376,48739.833,-92.30038813300001,412.8
377,48741.25,290.300391725,571.4
378,48743.255999999994,-242.79839578899998,299.4
379,48746.835,-1750.2011871779998,1157.1
380,48748.3,-143.999986335,970.0999999999999
381,48750.25,636.098405948,371.3
382,48753.833,-3021.6996009359996,2059.7
383,48754.257000000005,1714.298412026,2363.7999999999997
384,48757.267,-62.89918985700001,387.1
385,48758.337,4568.601599431,2851.3
386,48759.422,2559.200390806,2491.5
387,48760.832,-6.699588084,466.0
388,48764.25,-38.599191043,425.09999999999997
389,48765.331,-547.999201217,419.3
390,48767.837,327.200410766,539.5
391,48771.240999999995,-551.001599547,374.7
392,48774.835,257.101194734,806.9
393,48776.081,-551.699997686,1002.5999999999999
394,48778.25,630.900004239,735.1
395,48781.837,195.598801156,705.2
396,48786.337,497.800814969,553.0
397,48788.832,3059.9999973900003,2915.6
398,48792.25,387.601195939,452.7
400,48794.42,3308.500814114,682.0
401,48795.833,720.100791796,694.3000000000001
402,48797.251,571.100414959,678.3000000000001
403,48799.252,-1047.59999715,535.9000000000001
404,48802.832,-830.300385246,607.0
405,48804.428,6469.498805473,4479.5
406,48805.502,-614.4984041609999,445.1
407,48809.837,-1304.301588334,624.8000000000001
408,48812.251,4233.898812345,671.3
409,48813.329000000005,-442.50120367899996,472.5
410,48816.835,-552.9995917189999,386.2
411,48820.25,-488.09880297499996,510.29999999999995
412,48821.332,390.700796515,372.59999999999997
413,48823.844000000005,722.70000544,884.8000000000001
414,48827.42,-1.198785071,530.2
415,48830.835,121.298401723,782.3
416,48833.125,1546.7004061520001,878.7
417,48834.25,-1311.1991876260001,494.0
418,48837.837,108.79919045700001,527.1
419,48840.135,3897.2987908890004,456.2
420,48841.252,-252.20158761399998,329.1
421,48844.832,-227.699996458,510.70000000000005
422,48845.19,1358.398807838,448.6
423,48848.25,15.598811842,413.2
424,48851.837,403.09919882,757.5
425,48855.252,-774.8999905740001,420.59999999999997
426,48856.333,-4747.298387997001,2960.3
427,48857.422,-5783.299189943001,3205.8
428,48858.835,-1469.401189524,945.1
429,48862.254,1468.69921025,506.70000000000005
430,48865.834,549.799207761,563.9
431,48869.252,60.098409448999995,671.8
432,48872.835,71.899196996,1117.0
433,48876.247,1618.8011954910003,716.3000000000001
434,48879.834,1874.699998439,1181.3
435,48882.916,-779.799597694,671.8
436,48886.832,-1719.10079132,992.4
437,48888.249,1883.0016074389998,782.2
438,48889.918,-978.5016061409999,1210.1
439,48893.837,389.00159893299997,909.2
440,48896.916,627.299991152,995.1
441,48900.832,226.501211387,545.2
442,48903.915,1781.3988108629999,1348.9
443,48907.834,-1264.899609055,821.1
444,48910.916,5533.099201216,514.3
445,48914.832,-852.800403095,602.6
446,48916.253,-839.401201347,1109.5
447,48917.922,2449.198808563,722.0999999999999
448,48921.834,-1346.500792465,857.6
449,48924.916,161.899191653,613.5
450,48928.832,885.8987911249999,1138.2
451,48931.254,-2598.2999943610002,799.3
452,48932.335,274.39920415899996,738.5
453,48935.834,741.200406651,623.6
454,48939.274000000005,-192.301189372,605.0
455,48940.377,-42.001192923999994,721.0999999999999
456,48942.835999999996,371.001610233,625.9
457,48946.254,375.501613803,798.3
458,48949.834,511.300800099,1443.8
459,48951.262,-3685.6007909590003,4666.0
460,48956.832,-875.599189953,829.3000000000001
461,48960.251,-758.599199457,523.8000000000001
462,48963.834,-450.100807825,783.8000000000001
463,48967.253,108.89999941800001,716.9
464,48970.835999999996,-491.698790483,556.5
465,48974.247,-1125.6011930529999,3629.5
466,48977.834,962.398800652,1227.2
467,48979.258,-359.600400657,552.3000000000001
468,48984.835999999996,-280.900806615,1003.4000000000001
469,48987.334,929.001592453,516.9
470,48991.834,-315.10080304999997,488.9
471,48994.917,200.80080958000002,1018.6999999999999
472,48998.835999999996,1011.8016120939999,954.4
473,49002.251,-152.70119888600001,527.4
474,49005.834,787.100407251,564.6999999999999
475,49009.253,558.698405939,524.5
476,49012.832,837.900014972,545.0
477,49016.251,-114.00119888100001,628.9
478,49019.837999999996,-326.401203665,586.7
479,49023.253,-441.201609647,521.8000000000001
480,49026.835999999996,62.89918985700001,480.6
481,49028.085,453.80160429399996,1221.1000000000001
482,49030.251,209.001609619,511.0
483,49033.834,271.900799476,478.9
484,49037.249,-1858.701608626,483.0
485,49040.832,876.801607319,507.1
486,49044.251,-842.000389412,540.9000000000001
487,49047.834,50.00040061999999,463.8
488,49051.253,47.901599487,712.6
489,49054.832,1187.499609046,367.09999999999997
490,49058.251,254.49839995399998,475.4
491,49061.834,-1249.49880842,513.2
492,49065.249,106.300811353,543.5
493,49068.835999999996,648.399606007,538.5
494,49072.251,92.599208301,607.4000000000001
495,49075.834,-739.501209068,465.2
496,49079.253,-664.700397124,732.8
497,49082.832,-2222.2007913800003,630.0
498,49085.254,-858.398408354,723.0999999999999
499,49089.834,2301.99841269,620.1
500,49093.257000000005,680.399992348,666.9000000000001
501,49096.832,1445.698805469,516.5999999999999
502,49100.251,-542.401195958,591.0
503,49103.834,-257.79959287300005,977.0
504,49107.249,899.6003941769999,667.3
505,49112.166,263.40120484700003,384.5
506,49112.166,-26.301597700000002,349.4
507,49113.254,-374.50078878,475.4
508,49119.251,6118.300797198,645.1
509,49121.420999999995,-4069.4004070469996,2599.6
510,49126.25,3785.799603406,474.1
511,49133.251,3030.300004525,361.5
512,49134.335999999996,-485.301603703,1269.7
513,49140.253,508.79881428000004,375.8
514,49141.342000000004,-191.199606547,1000.6999999999999
515,49147.251,-165.301193533,462.1
516,49148.34,1236.3984012610001,1103.2
517,49154.253,244.101596536,269.2
518,49161.251,-5801.198395261,280.9
519,49162.983,-8170.401596885,523.0
520,49164.064000000006,-60.199192831,695.6999999999999
521,49168.253,-4156.599595717,512.8000000000001
522,49175.251,1301.6987935539998,219.20000000000002
523,49182.253,-411.29999885899997,197.7
524,49189.252,3765.499195652,345.4
525,49196.25,-289.299592282,175.1
526,49197.334,10936.000802531,826.0
527,49203.252,-2975.900409297,187.9
528,49204.335999999996,-1601.200810342,1095.3999999999999
529,49205.417,-1074.8015853319998,863.0
530,49210.25,-394.898398781,230.2
531,49217.252,-3985.401602336,481.8
532,49223.169,-3490.7003879430004,480.7
533,49224.25,-4984.200009517,1609.6999999999998
534,49225.335,-4787.6004089180005,877.6
535,49231.252,-1282.899597754,231.4
536,49238.253,-2816.499596747,204.4
537,49245.252,14.299192230000001,326.29999999999995
538,49247.418,352.598411268,442.3
539,49252.253,-436.499988155,265.90000000000003
540,49259.252,-27.298790428,465.3
541,49260.333,-1433.401186546,919.8
542,49266.25,1731.2003990360001,686.3000000000001
543,49267.335,1817.499597223,558.2
544,49273.252,-187.801185803,307.2
545,49274.333,604.29961195,1496.3
546,49275.420999999995,-1293.90120378,1309.7
547,49280.25,-342.100798889,296.8
548,49281.335,-278.798398767,819.0
549,49287.252,-600.699598863,487.5
550,49294.25,154.000792918,334.7
551,49301.252,-429.69959110900004,283.9
552,49308.254,567.000014939,335.2
553,49309.331,2720.800813449,529.3
554,49315.252,-61.599595824,423.9
555,49322.246,532.5984005820001,297.70000000000005
556,49329.248,380.699989933,365.3
557,49331.418,232.599603578,724.5
558,49336.25,-45.698408258,317.2
559,49343.248,-112.100408955,247.9
560,49350.25,403.898405921,343.5
561,49357.252,-216.100801254,280.2
562,49359.418,-311.198388658,1233.9
563,49364.25,-213.80040777800002,394.4
564,49371.252,161.798408271,152.29999999999998
565,49378.25,362.99879582200003,277.9
566,49385.248,-70.49879400299999,263.90000000000003
567,49392.25,-97.40158759500001,278.7
568,49394.42,713.4012037109999,1437.2
569,49399.248,234.69840471099997,586.0
570,49406.265,317.800800076,571.2
571,49413.252,160.19999407,303.0
572,49420.25,639.3995988669999,534.1
573,49427.248,250.700401239,505.6
574,49434.25,556.4987958449999,669.5
575,49436.42,16.599611286,585.7
576,49441.252,-296.701185221,308.8
577,49448.25,-36.201595321,444.2
578,49455.248,192.60000954100002,354.0
579,49462.247,-183.09958989,310.0
580,49468.167,-396.298801775,1001.7
581,49469.249,-444.200401262,315.2
582,49476.25,364.70160012,290.3
583,49483.252,-577.900786425,373.40000000000003
584,49485.418,-1173.398402443,688.4
585,49490.254,33.001211364,336.4
586,49497.249,308.901601898,298.4
587,49504.25,-321.800391134,264.2
588,49511.252,-231.199200584,465.3
589,49518.254,813.3983982359999,675.3
590,49519.335,464.19840771300005,739.7
591,49525.252,-315.399597639,395.2
592,49530.917,-2294.600400887,1124.7
593,49532.25,280.50120306499997,324.90000000000003
594,49539.252,-196.599600599,259.6
595,49541.751,303.199206542,149.60000000000002
596,49546.251,-423.39960657499995,290.1
597,49548.42,-2485.101609295,1081.0
598,49553.255999999994,-92.00159354399999,331.0
599,49559.169,3208.899590845,1992.0
600,49560.254,740.9988143080001,366.20000000000005
601,49566.170999999995,-376.999193463,1198.7
602,49567.249,-814.899610191,519.8000000000001
603,49568.334,702.399597685,1166.4
604,49569.418,1901.9016122,1031.3000000000002
605,49574.251,376.40160428499996,306.5
606,49576.501,495.201601325,635.1
607,49581.249,472.70160905599994,283.9
608,49588.251,374.698799988,271.0
609,49595.252,185.19839102299997,266.0
610,49597.418,-282.80159654100004,775.6999999999999
611,49602.251,367.49879939199997,233.0
612,49604.42,-1519.9992049020002,796.0
613,49609.249,200.700000619,251.1
614,49616.251,-349.498785113,256.29999999999995
615,49623.249,546.001209045,230.1
616,49630.251,301.600792341,267.6
617,49631.332,-885.700805497,1166.0
618,49632.42,109.501195311,907.5999999999999
619,49637.249,509.698804763,259.2
620,49644.251,-108.29880352499998,317.40000000000003
621,49651.26,-185.698803534,313.7
622,49658.262,-204.800400638,289.8
623,49665.255999999994,580.20120548,392.79999999999995
624,49672.251,-265.600789362,289.7
625,49679.253,480.70079117200004,306.8
626,49686.251,190.900811958,271.4
627,49693.249,302.000395891,376.59999999999997
628,49700.247,-279.39959466,257.79999999999995
629,49707.249,425.401205462,293.4
630,49714.251,148.20119531600002,293.9
631,49728.251,343.79999647200003,302.20000000000005
632,49735.253,-55.000791122,288.8
633,49736.363,-661.2983952440001,1151.6
634,49741.17,1252.800001339,497.7
635,49742.251,35.200795878,213.9
636,49749.249,49.201193519,550.8
637,49750.334,440.49960479199996,870.1
638,49756.251,353.699994093,225.0
639,49763.253,303.501607846,1036.7
640,49770.251,-133.19999823100002,844.8
641,49777.249,251.70120068199998,499.7
642,49784.251,-311.00040303,239.1
643,49791.249,334.000807811,341.1
644,49798.251,246.89879580800002,273.3
645,49805.249,22.899595820000002,418.2
646,49812.251,509.19839225100003,308.2
647,49826.251,652.100402476,274.0
648,49826.96,382.49999647600004,364.4
649,49840.251,-1048.399204251,913.8
650,49848.331,-2123.200789583,926.3000000000001
651,49854.251,-20.001587586,275.8
652,49861.249,-757.699208975,1919.7
653,49868.251,12.80161257,305.20000000000005
654,49875.257000000005,-459.698404143,2086.5
655,49882.251,610.898391074,473.9
656,49883.335999999996,550.598414861,499.2
657,49896.251,348.99839818099997,479.2
658,49904.25,1399.7016026219999,711.2
659,49910.251,-348.501592384,486.9
660,49914.167,1932.800390136,742.3
661,49917.253,1018.9008037289999,586.6
662,49923.002,-210.700807202,299.9
663,49924.251,-1091.699991207,469.5
664,49930.168,-597.700807248,2139.7
665,49931.25,433.50119653999997,416.5
666,49938.251,-751.798802412,858.6
667,49945.253,742.2012060940001,477.2
668,49952.251,-361.900794132,307.3
669,49959.25,-533.0987875139999,339.8
670,49966.251,365.698792848,283.8
671,49980.252,-518.101197144,418.0
672,49994.252,-316.59840829,282.2
673,50008.252,198.29879818199998,323.2
674,50022.252,195.90120246,273.1
675,50036.252,684.698403575,257.6
676,50050.252,-28.000795282000002,659.3
677,50064.252,241.40159951,205.9
678,50078.252,-86.000403599,261.6
679,50084.998,-842.799596512,283.4
680,50092.252,-356.299207738,311.8
681,50113.25,-598.499988769,333.1
682,50120.252,478.101603107,226.1
683,50148.252,-116.899207114,215.0
684,50155.831,-1202.10120258,689.3000000000001
685,50168.169,654.1992036089999,499.90000000000003
686,50169.25,438.501612621,213.79999999999998
687,50176.252,232.801195921,245.9
688,50183.25,-132.69958572000002,300.0
689,50197.009000000005,139.60079172599998,834.5
690,50198.335,572.4000089909999,236.6
691,50204.252,240.699594656,280.6
692,50205.333,304.40159832800003,237.2
693,50218.252,282.60000419799997,290.4
694,50219.333,-121.100390515,264.2
695,50232.252,1094.19839589,390.29999999999995
696,50242.333,80.899204136,332.1
697,50246.252,-643.600807848,336.0
698,50253.254,175.798805913,311.7
699,50255.025,1492.200001962,427.70000000000005
700,50256.026,-579.4992006260001,536.2
701,50260.252,-199.198788664,256.90000000000003
702,50274.252,30.999612477000003,279.8
703,50281.25,554.6016126349999,323.90000000000003
704,50295.254,-57.499195805,291.2
705,50303.333,-305.200805428,487.8
706,50305.832,891.5004031,557.8
707,50316.252,242.600410161,199.3
708,50330.252,142.801201264,253.8
709,50344.252,332.200801267,240.3
710,50351.254,454.201207845,260.40000000000003
711,50358.252,326.00160011500003,225.0
712,50372.252,169.70041372100002,250.9
713,50386.252,350.600393517,266.5
714,50393.251,178.300791731,237.5
715,50400.252,416.098797018,272.4
716,50414.253,-210.801590583,233.0
717,50428.249,-69.300008931,285.5
718,50441.084,1026.900011425,594.3000000000001
719,50456.253,-418.10039590499997,399.2
720,50470.253,547.1999941160001,377.2
721,50484.253,210.499214859,317.3
722,50498.253,275.900390534,248.0
723,50512.253,362.90159357600004,282.8
724,50526.253,224.10000895,230.1
725,50539.172,2649.999592563,300.8
726,50540.253,43.200003574,253.4
727,50554.253,174.700804223,460.2
728,50560.082,150.901192342,545.1
729,50568.253,94.201203638,284.5
730,50575.751,-965.1996066400001,231.2
731,50582.253,-46.400387532,412.4
732,50588.082,71.899196996,134.8
733,50596.253,108.69840707499999,320.7
734,50610.253,-197.499591081,429.4
735,50624.253,70.099190452,341.8
736,50631.251,46.501196492999995,578.8
737,50631.755,220.49999586199996,973.4000000000001
738,50638.253,-133.30080719199998,422.9
739,50645.251,2406.898795471,607.7
740,50652.253,200.09880472600003,454.29999999999995
741,50654.331,417.801601316,90.2
742,50659.251,42.098395169999996,455.0
743,50666.253,170.30160961399997,384.5
744,50673.251,-311.400006581,533.2
745,50680.253,565.498802985,483.9
746,50687.251,-942.998408959,556.3000000000001
747,50687.835999999996,-152.200786374,262.40000000000003
748,50694.253,569.401191797,376.7
749,50700.09,-894.801596019,347.7
750,50701.251,-568.000788803,339.2
751,50708.253,466.89840473800007,606.7
752,50715.251,633.700810226,392.1
753,50722.25,1223.398803063,661.6999999999999
754,50729.251,421.599600031,507.0
755,50736.253,468.90000362499995,566.8
756,50743.251,288.900014311,398.3
757,50749.085,-80.099997035,435.2
758,50750.253,390.89880772299995,321.5
759,50764.253,245.70001073699999,352.3
760,50778.253,-70.599602964,467.6
761,50792.25,705.898801812,446.0
762,50800.34,96.800391702,61.3
763,50806.166,205.09919522700002,316.2
764,50820.25,690.199206588,403.0
765,50834.254,-128.90158700400002,270.3
766,50848.254,-33.400789334,372.7
767,50854.079000000005,-1842.9012044410001,856.1
768,50862.254,203.299214263,286.4
769,50876.254,151.20001251000002,310.90000000000003
770,50890.254,50.101209581000006,286.0
771,50897.252,-324.50038816,494.0
772,50904.254,77.90041252099999,349.1
773,50918.254,104.79959939899999,337.1
774,50919.324,642.999611955,84.7
775,50932.254,-40.100402998,270.8
776,50946.254,-139.29839042199998,316.7
777,50960.254,702.9000101970001,327.40000000000003
778,50974.254,410.90039530900003,261.2
779,50988.254,142.59960892100003,284.3
780,50989.324,596.300404254,231.8
781,51002.254,353.901612016,275.1
782,51016.25,607.499995908,421.0
783,51030.254,-24.09840647,316.8
784,51036.087,-1321.70040672,121.7
785,51037.252,863.1000042669999,348.2
786,51044.254,77.000396459,279.0
787,51051.252,-156.999610113,318.2
788,51058.254,334.2996024,271.5
789,51072.25,375.400804842,260.7
790,51086.254,297.698403529,208.7
791,51088.084,489.09960241899995,108.0
792,51100.25,614.098800611,323.40000000000003
793,51114.251,434.998801779,301.59999999999997
794,51128.251,236.19959108600003,253.6
795,51142.251,391.899607166,257.90000000000003
796,51156.251,170.30160961399997,343.7
797,51169.166,697.701608487,94.8
798,51170.251,371.49839045,218.79999999999998
799,51184.251,319.201203069,233.3
800,51198.251,-38.901592347,216.29999999999998
801,51212.251,-212.198386862,292.0
802,51226.251,162.000000614,220.6
803,51240.251,310.70160844099996,219.79999999999998
804,51246.084,280.19880176099997,103.4
805,51254.251,332.79839044600004,203.6
806,51268.251,297.10081434999995,253.5
807,51282.251,27.1008048,260.0
808,51284.084,105.199202949,105.1
809,51296.251,454.500002434,293.8
810,51297.27,694.6992101579999,345.1
811,51309.085999999996,50.900391102,93.7
812,51310.251,306.69841066799995,241.79999999999998
813,51317.249,223.099209506,239.5
814,51324.251,562.50001137,314.2
815,51338.251,353.59921071199994,234.5
816,51351.085999999996,642.8016007479999,333.6
817,51352.251,628.700394145,316.3
818,51366.251,60.001207203,247.9
819,51380.251,715.3991958830001,286.9
820,51393.082,-339.29999290200004,375.5
821,51394.251,126.60119352900001,249.4
822,51408.251,185.000405395,237.7
823,51422.251,596.4012132150001,303.20000000000005
824,51436.251,305.499600017,284.4
825,51449.166,-835.099208985,339.6
826,51450.251,374.50081436,214.7
827,51464.251,-191.498401136,220.29999999999998
828,51478.251,830.599205415,444.29999999999995
829,51492.251,257.19839698,223.70000000000002
830,51506.251,62.89918985700001,350.9
831,51520.251,327.39839639400003,220.29999999999998
832,51533.085999999996,-648.8999929390001,160.89999999999998
833,51534.251,515.098798815,260.40000000000003
834,51548.252,85.899594637,261.2
835,51562.252,-127.40040062899999,274.4
836,51575.072,778.298411319,272.6
837,51576.252,451.699196446,212.79999999999998
838,51590.252,858.700809658,237.6
839,51604.252,576.900012561,255.6
840,51617.079000000005,159.501595931,62.9
841,51618.252,780.199201245,402.3
842,51632.252,631.5012001319999,369.8
843,51646.252,707.1983958440001,406.3
844,51660.252,-343.900805433,361.9
845,51674.252,-24.299998813000002,286.9
846,51687.087,-1015.3007906409998,111.5
847,51688.252,-78.00119590199999,271.3
848,51702.248,4.7987981589999995,320.1
849,51716.252,-277.898408285,371.59999999999997
850,51731.249,-110.300402412,403.9
851,51732.28599999999,-184.89959643399996,115.2
852,51744.252,252.10080423199997,212.7
853,51758.252,137.700001801,194.0
854,51772.252,339.19920952,536.0
855,51786.252,256.79879343,302.0
856,51800.252,462.89881368000005,328.40000000000003
857,51814.252,21.301207198,269.8
858,51828.249,411.29999885899997,339.2
859,51841.083,-1547.600396634,132.39999999999998
860,51842.252,-53.798399335000006,249.5
861,51856.252,115.099200571,595.8
862,51870.249,322.999201785,219.5
863,51883.083,422.49959051299993,90.1
864,51884.252,493.200002438,241.2
865,51898.249,-192.89880413,258.29999999999995
866,51912.249,-165.89880829100002,195.20000000000002
867,51926.249,152.60038992399998,214.29999999999998
868,51939.084,509.799613724,117.4
869,51940.249,306.500399461,182.4
870,51954.249,412.200014921,259.90000000000003
871,51968.245,441.90000778599995,164.1
872,51981.08,593.899201817,112.60000000000001
873,51982.245,610.199992934,166.5
874,52009.168,14.198408849,72.7
875,52010.249,23.799611881,221.6
876,52024.249,88.80120958599998,162.3
877,52031.247,68.698813038,244.5
878,52038.245,76.70160186999999,187.5
879,52039.272000000004,414.601191778,76.6
880,52045.247,-518.799595284,147.9
881,52052.245,463.701601916,144.9
882,52059.247,492.50160429899995,247.4
883,52066.245,-176.299192844,207.5
884,52073.247,179.398793421,212.2
885,52080.249,-245.599201776,340.4
886,52087.247,714.898808951,171.3
887,52093.248,227.199609526,164.6
888,52096.083,-419.698810106,123.30000000000001
889,52101.247,294.699611914,220.29999999999998
890,52108.249,134.600401225,237.8
891,52115.251,269.798391628,213.7
892,52122.249,23.601600674000004,170.9
893,52129.251,-494.301585263,192.6
894,52136.249,152.79840113199998,151.79999999999998
895,52143.251,683.100014953,166.5
896,52150.249,353.59921071199994,143.1
897,52157.251,696.301205494,268.6
898,52164.249,250.700401239,173.2
899,52171.251,1035.2015948459998,211.5
900,52178.249,428.39999707699997,214.7
901,52185.248,-216.799199393,317.0
902,52192.249,-28.800002383,175.0
903,52199.251,327.700797698,235.0
904,52206.249,-49.100410138,212.4
905,52212.082,880.8984006239999,131.89999999999998
906,52213.248,541.198804171,357.09999999999997
907,52220.249,225.201591775,164.5
908,52227.24,-146.59919997900002,373.5
909,52234.249,3.80160543,169.0
910,52241.251,-379.101601311,331.7
911,52248.249,389.30039352200004,206.1
912,52255.248,-330.400794724,197.1
913,52262.25,-159.998401728,142.7
914,52271.249,-7.700387528,164.3
915,52278.269,361.400407201,227.39999999999998
916,52285.27099999999,-83.70001012299998,167.2
917,52291.25,135.698402914,136.4
918,52292.269,-182.599202958,197.2
919,52299.27099999999,58.100391698,179.10000000000002
920,52306.269,301.298391037,239.0
921,52313.268,474.400806638,195.0
922,52320.269,119.00161496200002,158.20000000000002
923,52327.27099999999,52.40160305700001,232.1
924,52334.27,139.399199384,205.8
925,52340.245,-260.79841006799995,72.8
926,52341.27099999999,449.398802971,238.8
927,52348.27,168.001190559,186.1
928,52355.27099999999,182.00161377999999,226.20000000000002
929,52360.25,89.20081313600001,1435.0
930,52361.269,25.300798256,311.40000000000003
931,52369.27099999999,0.0,178.60000000000002
932,52376.27,-38.098804111999996,214.7
933,52383.268,26.70120125,230.7
934,52390.27,17.200807179,317.59999999999997
935,52397.27099999999,169.49879579900002,238.4
936,52403.251,-563.9003887839999,71.8
937,52404.27,281.19960120400003,316.0
938,52411.272000000004,132.300007749,219.20000000000002
939,52418.27,680.5008013089999,179.79999999999998
940,52425.272000000004,406.59840294699995,224.8
941,52432.265999999996,-386.100009564,277.4
942,52437.584,-26053.401586523,7847.400000000001
943,52439.272000000004,202.39919820099996,253.4
944,52444.227999999996,5380.099207740999,687.5
945,52446.27,239.90041313499998,267.0
946,52453.272000000004,3.3983951650000006,216.29999999999998
947,52458.268,-202.798801752,280.4
948,52467.268,-113.79960653799999,357.4
949,52471.687999999995,15623.301590039999,2963.5
950,52474.27,-230.000389934,220.9
951,52480.253,-1450.000797831,182.5
952,52481.272000000004,-375.00120129199996,528.6999999999999
953,52488.27,445.499995294,313.59999999999997
955,52495.272000000004,68.39999286999999,292.3
956,52502.27,-722.4011852709999,420.3
957,52509.272000000004,32.299206509,227.20000000000002
958,52516.27,-267.19920356299997,402.6
959,52519.999,909.298799456,1108.6000000000001
960,52523.268,514.000797125,253.2
961,52530.27,529.2000054169999,297.0
962,52537.272000000004,409.499992315,318.40000000000003
963,52543.244000000006,-161.301602475,269.1
964,52544.27,452.19960895800006,223.89999999999998
965,52551.272000000004,496.598397604,207.6
966,52558.27,14.101206602,296.59999999999997
967,52570.707,-1060.8983899369998,2722.4
968,52579.272000000004,149.299197005,181.60000000000002
969,52586.27,-17.600385149,148.79999999999998
970,52593.272000000004,-197.30160545400003,294.59999999999997
971,52600.27,164.401203051,154.5
972,52605.27,106.80119828500001,258.2
973,52612.227999999996,-8.701186971,663.8
974,52614.27,-73.000805401,190.5
975,52620.246,-758.199595907,146.8
976,52621.268,118.000789939,290.3
977,52628.267,287.70120366099997,284.6
978,52642.27,69.09839100900001,142.3
979,52649.268,-164.001599501,169.3
980,52655.248,-526.701600734,517.5999999999999
981,52656.27,257.000411352,144.8
982,52663.272000000004,-313.199987545,213.9
983,52666.585,4515.300005892001,1774.2
984,52670.274000000005,-731.300409029,313.3
985,52677.268,51.001200063,137.5
986,52683.244000000006,46.299604151,195.1
987,52683.584,4122.698393871,1356.3
988,52684.27,-435.898792261,188.1
989,52691.272000000004,297.39960893899996,195.20000000000002
990,52698.27,770.2992036229999,404.0
991,52705.272000000004,68.000414899,134.6
992,52711.248,17.499601768,175.3
993,52712.27,206.39881483899998,232.2
994,52719.269,226.101607836,147.29999999999998
995,52725.248,264.70079888,142.4
996,52726.27,98.30160365700002,232.6
997,52733.272000000004,642.6000084049999,261.79999999999995
998,52740.27,378.500405418,182.0
999,52746.272000000004,-306.79919405,170.2
1000,52753.244000000006,125.10000715299999,120.3
1001,52754.27,-276.800406596,133.20000000000002
1002,52759.27099999999,422.398807132,242.29999999999998
1003,52767.244000000006,189.698394593,81.69999999999999
1004,52768.27099999999,-316.40039708200004,188.1
1005,52775.269,-56.300385154000004,187.20000000000002
1006,52780.587,8743.899607566,1963.9
1007,52781.248,120.39841124099999,129.5
1008,52782.267,282.60000419799997,192.8
1009,52789.269,-52.199985133999995,138.5
1010,52796.27099999999,-91.69919223999999,241.0
1011,52803.269,231.69961309599998,748.9
1013,52809.248,-213.299995266,184.5
1014,52810.27099999999,-506.0987916749999,318.3
1015,52817.269,-49.899591659,270.0
1016,52823.27,172.80001429799998,240.2
1017,52830.246,-196.49879163800003,82.4
1018,52831.269,-295.19999884500004,255.80000000000004
1019,52836.583,-16897.201206234,1446.9
1020,52837.244000000006,-34.700408946,161.1
1021,52838.267,89.20081313600001,172.6
1022,52844.239,1737.900012699,1284.8999999999999
1023,52845.269,200.300397069,171.1
1024,52852.27099999999,-153.698391614,302.9
1025,52859.269,759.301204312,333.1
1026,52866.27099999999,288.50041076099996,429.20000000000005
1027,52872.25,4563.000013036,1249.7
1028,52873.269,-207.799192253,259.90000000000003
1029,52879.244000000006,2.998791615,280.4
1030,52880.27099999999,-181.400392307,175.7
1031,52886.25,616.899606598,1058.6
1032,52887.269,-18.100797660999998,253.3
1033,52892.583,15525.900002444001,4480.8
1034,52893.244000000006,-202.701599505,179.2
1035,52894.27099999999,-85.70160900900001,186.6
1036,52900.25,82.699210679,69.9
1037,52901.273,-66.301191737,199.2
1038,52908.267,-57.700788147,146.2
1039,52914.25,-1119.499194147,1999.0
1040,52914.585999999996,-6663.499192427,1256.2
1041,52915.269,168.90120662099997,207.0
1042,52922.27099999999,-61.898390413,197.0
1043,52929.269,-59.698805899,230.3
1044,52935.245,-370.19879641800003,190.70000000000002
1045,52936.27099999999,-107.79839101399999,210.10000000000002
1046,52943.269,336.301201287,266.40000000000003
1047,52949.245,951.901213853,810.2
1048,52950.27099999999,-88.59959166300001,173.7
1049,52955.582,-18564.098405704,1150.9
1050,52956.246,-217.699189875,473.1
1051,52957.269,-49.100410138,304.0
1052,52964.27099999999,-78.00119590199999,153.9
1053,52969.268,96.800391702,198.6
1054,52978.27099999999,153.900009536,205.8
1055,52984.25,-372.200395304,450.6
1056,52985.265999999996,-224.30160129299998,181.79999999999998
1057,52991.252,-162.799207715,63.8
1058,52992.267,-36.899993461,147.9
1059,53012.25,-1829.098792427,290.6
1060,53013.269,-85.39920770500001,197.2
1061,53020.267,60.598796381,184.5
1062,53027.269,-7.700387528,204.7
1063,53034.267,113.198410645,173.0
1064,53040.25,-2341.699186559,413.7
1065,53041.269,1.400402994,171.3
1066,53045.207,16.801203628,207.8
1067,53048.27099999999,-71.398810064,202.9
1068,53052.205,-42.400796474,140.6
1069,53053.227999999996,822.3984053759999,365.70000000000005
1070,53055.269,-399.801587037,242.60000000000002
1071,53059.203,43.200003574,173.4
1072,53062.27099999999,174.39840291900003,248.4
1073,53066.205,-297.29879997800003,134.8
1074,53066.585,-2866.399188406,1172.3
1075,53068.25,-1159.4015859370002,269.5
1076,53069.269,-71.30160781800001,198.8
1077,53073.203,219.60000538,163.3
1078,53074.237,-433.000809608,773.9
1079,53076.27099999999,-18.7991958,268.8
1080,53082.254,-3046.8995902310003,549.3
1081,53083.269,-465.299990537,366.4
1082,53087.207,-22.701610192,248.1
1083,53090.27099999999,309.999603587,453.79999999999995
1084,53094.209,-293.29920892,144.6
1085,53097.269,59.198393387,272.7
1086,53101.583,-6195.7007972070005,965.1999999999999
1087,53103.27099999999,-529.599608967,211.2
1088,53109.246,-143.999986335,178.7
1089,53110.25,-1658.5991971849999,370.59999999999997
1090,53111.269,-286.80118759899995,188.70000000000002
1091,53115.22900000001,-121.20119947699999,211.0
1092,53118.268,-61.700404785,318.40000000000003
1093,53125.27,32.101195302,152.9
1094,53132.27099999999,8.200800039,225.5
1095,53137.224,-217.79999883600001,209.3
1096,53139.27,-331.099192863,240.0
1097,53145.27099999999,139.899611895,271.9
1098,53150.205,-71.398810064,219.4
1099,53152.251,129.499201762,406.3
1100,53153.27,-49.798808277,266.90000000000003
1101,53158.208,195.69961011700002,300.8
1102,53160.275,-130.20120661599998,218.20000000000002
1103,53167.27,-368.899202385,274.1
1104,53171.203,-413.600392335,259.7
1105,53172.237,-7.599604146000001,383.0
1106,53174.27099999999,219.60000538,322.5
1107,53180.247,3311.499605729,317.7
1108,53181.27,217.699189875,293.0
1109,53188.27099999999,-460.400408997,255.5
1110,53193.206,160.09921068900002,235.4
1111,53195.27,-47.001609005000006,214.5
1112,53199.225,-466.40159894199996,249.1
1113,53201.255999999994,-306.10079591,123.30000000000001
1114,53202.272000000004,84.30120601600001,277.6
1115,53206.205,175.100407773,206.7
1116,53207.227999999996,-2636.3987984719997,702.3000000000001
1117,53209.273,231.90120543900002,344.2
1118,53213.207,53.600413707,270.0
1119,53215.253,4952.498392185999,417.1
1120,53216.268,-73.598394579,430.3
1121,53223.27,161.499613682,359.09999999999997
1122,53227.225,-45.298804707,210.4
1124,53230.272000000004,3278.9016046310003,2757.2999999999997
1125,53234.205,231.501601888,276.7
1126,53235.227999999996,-375.501588223,444.79999999999995
1127,53236.247,1036.0008019460001,456.1
1128,53237.27,-83.800793504,274.7
1129,53244.268,-492.40079533799997,570.6
1130,53251.27,257.101194734,293.1
1131,53254.995,-58.399186287,920.8
1132,53256.204000000005,-718.4987964589999,391.6
1133,53257.253,119.59920414000001,612.4000000000001
1134,53258.272000000004,-47.498389222,257.1
1135,53262.224,137.901594144,265.6
1137,53263.227999999996,-277.59958811700005,615.0
1138,53264.247,-595.5011971540001,252.9
1139,53265.27,-402.19920833800006,194.6
1140,53269.204000000005,1599.001200248,180.7
1141,53272.268,73.900795883,404.4
1142,53278.247,392.90040660899996,241.5
1143,53279.27,-195.99840470600003,263.40000000000003
1144,53283.207,-383.90039946999997,183.9
1145,53284.225999999995,-407.401191183,1367.5
1146,53285.253,-605.998809533,78.2
1147,53286.272000000004,-384.30000302,302.3
1148,53290.205,6.998408253000001,180.60000000000002
1149,53292.247,-1697.900393083,262.29999999999995
1150,53293.27,-185.698803534,235.4
1151,53297.204000000005,377.301594767,217.29999999999998
1152,53300.268,212.10121019499996,254.30000000000004
1153,53304.224,232.70041253899998,264.29999999999995
1154,53305.227999999996,1704.8015990889999,1283.5
1155,53307.27,-115.599587502,329.6
1156,53311.204000000005,51.901190545,523.8000000000001
1157,53314.268,-539.60038997,251.5
1158,53319.225,-22.399208887999997,2411.0
1159,53321.27,-340.401601306,602.6
1160,53325.225999999995,-984.5999983329999,380.7
1161,53326.223,-348.30000004100003,477.0
1162,53327.249,4774.399192796999,436.2
1163,53328.268,-63.399602368000004,356.59999999999997
1164,53332.206,-15.098399331,272.3
1165,53333.272000000004,-306.900003011,630.1
1166,53339.204000000005,304.09919702400003,360.9
1167,53340.225999999995,-2268.0000085980005,1817.5
1168,53341.249,1332.100791274,534.2
1169,53342.272000000004,-67.79879697700001,227.1
1170,53346.227999999996,-423.29879761399997,479.5
1171,53348.251,1072.598394103,996.4
1172,53349.27,190.101604858,796.6
1173,53353.204000000005,-359.899195246,261.29999999999995
1174,53356.272000000004,-69.40079231300001,206.4
1175,53362.269,-46.799991082,204.7
1176,53367.225999999995,-42.199204130999995,350.0
1177,53369.27099999999,-140.698793416,184.4
1178,53377.265999999996,198.500390525,220.0
1179,53383.249,-3009.59999322,333.9
1180,53384.268,-68.698787459,251.1
1181,53389.206,385.89839164200004,260.5
1182,53390.247,-28.900785765,295.0
1183,53391.27,14.198408849,252.4
1184,53397.249,165.09960119,1129.5
1185,53398.272000000004,-222.99840054499998,326.7
1186,53402.206,-230.29921010200002,247.79999999999998
1187,53404.247,-159.098385666,1078.7
1188,53405.27,-366.299988741,259.0
1189,53409.204000000005,-73.598394579,202.7
1190,53410.227,-455.299209534,172.6
1191,53411.253,225.399602982,108.89999999999999
1192,53412.268,9.79921424,195.20000000000002
1193,53417.225,-1930.701589004,2746.0
1194,53418.255,-3177.9000039479997,382.79999999999995
1195,53419.27,-397.40041017899995,242.60000000000002
1196,53423.208,-898.498785773,565.3000000000001
1197,53426.268,69.19919997,242.9
1198,53433.27,-529.599608967,247.9
1199,53437.204000000005,194.799594055,237.8
1200,53440.268,383.29920357699996,281.3
1201,53446.248,1263.898809611,129.89999999999998
1202,53447.27,-8.499594628,224.39999999999998
1203,53452.223,1891.299609724,743.1
1204,53453.268,414.799202986,293.5
1205,53460.248,-5373.6983886670005,217.20000000000002
1206,53461.27,-190.198807104,223.39999999999998
1207,53467.246,-907.599601874,185.70000000000002
1208,53468.268,-278.100000628,205.3
1209,53472.206,143.798393992,205.1
1210,53475.27,-182.69998634,272.4
1211,53479.204000000005,-315.90001015,325.5
1212,53481.249,-232.20000002799998,702.6
1213,53482.269,-338.500785801,206.8
1214,53486.206,-1169.798389355,425.5
1215,53488.251,-224.30160129299998,109.3
1216,53489.267,-426.700799494,249.20000000000002
1217,53493.204000000005,-370.50119772200003,148.60000000000002
1218,53496.269,-770.2992036229999,228.1
1219,53500.206,-1.800006544,479.7
1220,53503.200999999994,2261.4012038960004,673.3
1221,53503.27,126.29879222500001,292.6
1222,53507.204000000005,211.399205341,351.7
1223,53509.246,-116.70119590700001,255.0
1224,53510.269,-212.60159712699996,216.5
1225,53514.206,-449.499586352,239.2
1226,53516.248,2001.398394214,463.2
1227,53516.584,19994.299208292,1094.8
1228,53517.27,-128.300391111,242.2
1229,53522.205,676.1016066999999,318.3
1230,53524.269,-162.298795203,193.70000000000002
1231,53528.206,-309.301205448,226.0
1232,53531.27,-158.198395184,288.3
1233,53537.25,-4808.300394643,1333.3
1234,53537.582,-17866.699198520997,3584.6
1235,53538.269,259.099212485,225.39999999999998
1236,53542.206,135.899995257,213.10000000000002
1237,53543.225,-15.400800635,289.3
1238,53545.27,-8.200800039,260.5
1239,53549.208,-306.298807118,177.2
1240,53552.269,798.800411417,561.6999999999999
1241,53555.994000000006,962.398800652,800.8
1242,53559.27099999999,-416.40119832199997,197.2
1243,53560.315,2956.798812193,431.59999999999997
1244,53561.356,-5169.499209500999,417.6
1245,53563.204000000005,428.60161499899993,267.1
1246,53564.223,-2237.7996032220003,237.8
1247,53565.25,-4570.300797013,664.8
1248,53565.585999999996,7287.199196071,1013.7
1249,53566.269,245.098814844,258.40000000000003
1250,53570.206,-104.00039229800001,192.70000000000002
1251,53573.27099999999,-406.5012007,216.9
1252,53580.269,-610.700405446,335.8
1253,53587.27099999999,450.698397003,258.90000000000003
1254,53593.25,-380.59920655100007,614.1999999999999
1255,53594.269,823.6007971619999,668.6999999999999
1256,53598.21,425.80080901199995,325.90000000000003
1257,53599.583,-6438.999605506999,1428.1999999999998
1258,53600.248,-107.60040538599999,308.09999999999997
1259,53601.27099999999,-162.100809575,174.1
1260,53605.208,-275.69879819100004,354.3
1261,53608.269,-53.701197089000004,195.6
1262,53612.206,430.999210721,342.8
1263,53615.27099999999,-239.601592966,149.0
1264,53618.996,506.0987916749999,664.8
1265,53620.205,56.599205323,545.2
1266,53621.25,-9140.198409341,324.2
1267,53621.582,-3451.3991920450003,1809.6000000000001
1268,53622.269,-163.800007158,235.4
1269,53626.195,259.599599417,107.30000000000001
1270,53626.498,102.60001488399999,127.8
1271,53627.195999999996,39.099603555,187.20000000000002
1272,53627.499,-137.901594144,158.1
1273,53628.197,62.398802925000005,116.5
1274,53628.5,-94.60080718800002,152.9
1275,53629.198,15.400800635,108.0
1276,53629.501,40.298414206,144.0
1277,53630.195,97.99920235300002,118.9
1278,53630.498,565.700395327,153.9
1279,53631.195999999996,200.09880472600003,97.19999999999999
1280,53631.499,34.599599985,145.3
1281,53632.195999999996,-31.499999409,106.89999999999999
1282,53632.5,-20.199598794,133.20000000000002
1283,53633.197,235.69920415399997,111.9
1284,53633.5,525.99959588,184.5
1285,53634.205,141.99841302800002,222.0
1286,53634.501,127.800004179,147.4
1287,53635.195,135.201597118,104.1
1288,53635.498,187.59959346000002,139.7
1289,53636.195999999996,11.300400615000001,111.19999999999999
1290,53636.499,57.398412422999996,169.4
1291,53637.197,48.499214245,128.5
1292,53637.5,-88.99919521400001,162.89999999999998
1293,53638.197,47.700007144000004,131.1
1294,53638.497,37.699200561,150.0
1295,53639.198,-245.401190568,128.20000000000002
1296,53639.501,-77.19840766600001,143.0
1297,53640.199,-60.598796381,159.1
1298,53642.248,-702.399597685,148.79999999999998
1299,53643.27099999999,-395.701187017,307.09999999999997
1300,53647.208,1063.900813847,1542.8
1301,53649.25,4041.7991897359993,463.6
1302,53650.269,-147.89879401200002,209.7
1303,53655.225,239.299191662,181.60000000000002
1304,53656.58,12584.599193132999,1234.2
1305,53657.27099999999,-76.10040597700001,231.4
1306,53662.227,719.200801313,422.8
1307,53664.269,27.900011901,258.5
1308,53668.206,1898.999997252,1433.2
1309,53671.267,-111.09960951199999,196.9
1310,53675.205,-892.7999971319999,294.0
1311,53677.242999999995,-18839.599192687998,328.7
1312,53678.269,-180.79919641399997,208.3
1313,53683.225,1050.2999941760002,895.7
1314,53684.248,-1168.801196627,835.4
1315,53684.584,8920.799996304,2227.5
1316,53685.27099999999,-58.798789836999994,202.2
1317,53690.227,572.0004054410001,240.0
1318,53691.246,446.101191187,674.2
1319,53692.269,-245.401190568,185.20000000000002
1320,53696.203,1291.798795933,396.6
1321,53697.269,-202.89958513300002,243.7
1322,53704.242,-759.2003953499999,287.6
1323,53706.269,-440.100001242,201.6
1324,53710.203,258.800392317,318.7
1325,53711.225,-234.799188092,111.3
1326,53712.248,-51.501586995000004,297.70000000000005
1327,53713.27099999999,-66.301191737,149.60000000000002
1328,53717.205,784.2996012639999,475.6
1329,53718.224,765.201610875,527.2
1330,53719.25,-340.498803553,149.9
1331,53720.269,158.101192937,237.8
1332,53724.203,-231.90120543900002,406.7
1333,53725.225999999995,-57.200401216,550.3
1334,53727.27099999999,-600.0984029699999,304.5
1335,53732.205,-76.298391605,316.0
1336,53733.287000000004,2407.600800325,364.8
1337,53734.269,987.0012007700001,446.6
1338,53740.27,-1286.200790673,498.5
1339,53747.582,69541.801207151,1389.0
1340,53748.287000000004,155.80079946200001,298.0
1341,53754.255999999994,-547.4015864590001,351.3
1342,53755.267,38.800808966,228.2
1343,53760.227,-1854.799194234,818.2
1344,53761.246,595.900800704,263.0
1345,53762.269,-47.098785672,244.60000000000002
1346,53767.225999999995,681.901204302,917.5
1347,53769.27099999999,45.601206010999995,248.20000000000002
1348,53774.227,-671.90039772,523.3
1349,53775.247,-515.5991857460001,653.5
1350,53776.269,269.798391628,278.4
1351,53780.207,-83.401189954,155.5
1352,53780.638,-56049.901206734,581.6
1353,53781.222,1686.301197878,552.6
1354,53782.584,-16147.101601405002,1079.9
1356,53783.27099999999,441.69838986400003,348.4
1357,53787.205,281.401193547,211.9
1359,53790.269,47.001609005000006,240.7
1360,53797.27099999999,-252.10080423199997,242.60000000000002
1361,53804.269,4.1004000199999995,227.20000000000002
1362,53808.203,-123.199191648,197.6
1363,53811.27099999999,11.401209576,336.7
1364,53816.224,-2066.698786507,1476.9
1365,53817.583,8106.400798624001,823.6999999999999
1366,53818.269,-303.699593474,236.6
1367,53822.207,-59.698805899,178.5
1368,53824.248,225.298794021,263.90000000000003
1369,53825.27099999999,-1113.9011888869998,249.6
1370,53832.269,-246.30120663,269.0
1371,53836.207,515.401200119,302.20000000000005
1372,53838.27,181.699212476,294.59999999999997
1373,53844.206,-294.19919940200003,250.2
1374,53846.277,-321.09838628,518.8000000000001
1375,53850.203,-325.101609633,202.4
1376,53850.583,10452.600014332002,654.3
1377,53852.249,-347.198391637,260.90000000000003
1378,53853.27099999999,-486.799208943,235.4
1379,53858.202000000005,-335.300401844,192.3
1380,53860.269,190.101604858,257.6
1381,53867.27099999999,189.298791042,372.2
1382,53874.269,-398.19959170000004,226.3
1383,53878.207,-316.800000633,273.3
1384,53879.225999999995,601.801207267,327.6
1385,53880.581,-1318.7987917720002,1371.3999999999999
1386,53881.268,339.501610824,306.3
1387,53886.206,-370.00078520999995,175.7
1388,53888.269,-432.29880475299996,269.2
1389,53893.204000000005,-494.89920002099996,464.7
1390,53894.249,8224.300805182,988.8000000000001
1391,53895.27099999999,-323.099985167,167.4
1392,53899.205,-239.400000623,583.6
1393,53900.268,103.50000536599998,268.2
1394,53906.203,208.198795804,460.9
1395,53908.249,-2489.101200354,317.8
1396,53908.577000000005,8086.798814587999,1704.3
1397,53909.27099999999,120.89879817299999,247.0
1398,53909.582,4559.000396398,1530.3
1399,53913.205,-6.300010113999999,261.5
1400,53914.224,209.599198797,274.0
1401,53915.247,-442.400394718,276.9
1402,53916.27,-541.699191103,246.5
1403,53923.268,-319.298405316,222.89999999999998
1404,53928.227999999996,-35.899194017,215.5
1405,53929.251,-3440.199600391,432.5
1406,53930.27,174.80161318400002,263.7
1407,53936.245,-139.201188176,434.0
1408,53936.581,-4253.79959097,1693.5
1409,53937.27099999999,-444.499195851,471.1
1410,53941.205,96.90120066400002,197.6
1411,53943.291,-8153.798404464,432.09999999999997
1412,53944.27,-491.101201305,377.59999999999997
1413,53949.225999999995,-270.900000032,251.5
1414,53950.249,1086.098404812,241.29999999999998
1415,53951.268,-380.098794039,193.1
1416,53955.205,24.501591156,237.5
1417,53958.27,269.20080245,205.3
1418,53964.581,-12424.899585994,1317.3999999999999
1419,53965.268,-302.69879403,420.5
1420,53969.238,-183.49919344000003,417.0
1421,53972.27,-228.89880710900002,282.3
1422,53976.207,-619.099191113,222.20000000000002
1423,53978.249,-271.40038696400006,141.1
1424,53979.272000000004,475.30079711999997,292.2
1425,53982.992999999995,2069.798412663,351.7
1426,53984.21,-413.301597746,248.29999999999998
1427,53986.273,-245.300407187,715.0
1428,53992.249,-64.198809469,159.89999999999998
1429,53992.581,-10675.101609081,991.7
1430,53993.268,768.60000604,441.5
1431,53997.205,37.90079290399999,228.7
1432,53998.227999999996,2354.399990168,218.29999999999998
1433,54000.27,-254.40119770799996,239.1
1434,54004.207,-122.40001012700002,195.1
1435,54007.268,-452.800804851,361.09999999999997
1436,54011.205,149.601598309,377.3
1437,54013.251,-1001.0015984110001,148.2
1438,54014.27,-151.599590481,344.1
1439,54020.749,-5639.299203608,1807.1999999999998
1440,54021.272000000004,125.70120304599999,297.8
1441,54025.209,106.80119828500001,245.2
1442,54028.27,907.0992149420001,610.1999999999999
1443,54035.268,-294.699586334,330.0
1444,54039.209,-43.300786956,231.8
1445,54042.27,-366.001194152,517.0
1446,54046.207,-204.699591677,144.9
1447,54047.225999999995,10383.19919644,1870.6000000000001
1448,54048.249,-161.499588103,65.19999999999999
1449,54048.578,-9.000007140000001,870.6
1450,54049.272000000004,-331.200001824,316.5
1451,54053.205,-140.399998827,212.10000000000002
1452,54054.224,-879.199203041,519.7
1453,54055.251,-876.5999893970002,213.60000000000002
1454,54056.27,-21.898796376,243.7
1455,54060.207,-324.799208329,277.7
1456,54061.27,75.801611388,397.5
1457,54067.209,-206.70119056400003,245.7
1458,54068.224,89.60039110700001,253.8
1459,54069.244000000006,1607.7996150440001,473.7
1460,54070.27,-130.798795794,262.29999999999995
1461,54074.207,-552.801606091,230.1
1462,54076.249,-115.49880412099999,346.7
1463,54077.29,-758.098786946,1072.1000000000001
1464,54081.205,-416.098797018,231.9
1465,54082.227999999996,-24.199189852,230.4
1466,54083.583,-4906.101585789,1206.8000000000002
1467,54084.27,-426.898785122,489.3
1468,54088.207,-478.900810208,192.1
1469,54091.272000000004,-16.401600078,321.1
1470,54098.27,-433.10159298900004,434.0
1471,54105.268,-593.398789306,311.09999999999997
1472,54108.997,513.399601232,542.6999999999999
1473,54111.583,12434.500814607001,407.6
1474,54112.27,-120.398385661,187.1
1475,54119.268,-257.601607245,480.1
1476,54125.251,-163.101609019,104.2
1477,54126.27,-391.798798205,298.5
1478,54133.272000000004,-424.299597057,230.5
1479,54137.209,-52.40160305700001,106.39999999999999
1480,54139.244000000006,-172.699205336,932.4
1481,54139.583,1194.3000060910001,372.40000000000003
1482,54140.27,128.99881483000001,253.4
1483,54145.225999999995,-773.200792992,456.9
1484,54146.249,-96.800391702,654.8000000000001
1485,54147.272000000004,-35.899194017,156.79999999999998
1486,54150.994000000006,-627.901187045,1215.7
1487,54153.251,1069.4987935269999,119.0
1488,54154.27,-246.89879580800002,143.7
1489,54158.207,-207.900001215,135.0
1490,54161.272000000004,-9.000007140000001,214.2
1491,54166.272000000004,-35.499590467,550.6
1492,54172.208,-249.40080720600002,266.7
1493,54174.582,-3342.70078497,581.7
1494,54175.268,-31.298407066000003,183.2
1495,54179.206,1.400402994,147.10000000000002
1496,54182.27,-210.700807202,224.1
1497,54187.23,-129.301190555,105.80000000000001
1498,54188.249,-164.800806601,158.9
1499,54189.268,533.901601329,260.90000000000003
1500,54193.209,-13.298392787,140.3
1501,54195.269,-154.90080898,238.5
1502,54201.208,-157.29840470200003,136.4
1503,54203.268,4.600812530999999,245.79999999999998
1505,54210.27,-406.000788189,224.20000000000002
1506,54216.249,-794.9016037399999,328.40000000000003
1507,54217.268,1432.5011960640002,517.5999999999999
1508,54223.207,-165.20041015200002,187.5
1509,54224.27,-142.700392303,222.89999999999998
1510,54228.208,66.49920294399999,198.3
1511,54231.268,-293.799595852,261.7
1512,54235.206,-264.398397576,141.4
1513,54238.27,-163.501186989,418.9
1514,54242.208,-299.700002415,134.0
1515,54244.582,-1122.1991911730001,656.3
1516,54245.268,16.200007734999996,302.0
1517,54252.27,-276.90118997699994,197.7
1518,54256.208,-174.700804223,126.8
1519,54259.268,167.69881483499998,341.1
1520,54266.27,1250.701200206,749.8000000000001
1521,54270.208,-550.198785731,151.29999999999998
1522,54272.582,-3200.399996217,1345.5
1523,54273.269,693.2016049179999,884.0
1524,54273.583,-3238.898403879,788.2
1525,54277.206,58.399211865999995,179.29999999999998
1526,54279.251,-2261.901590828,235.5
1527,54280.27,256.79879343,764.0
1528,54287.294,78.40079945299999,713.3000000000001
1529,54291.206,-75.398401123,164.70000000000002
1530,54294.27,95.40001428800001,390.29999999999995
1531,54298.208,138.200414312,491.59999999999997
1532,54301.272000000004,633.8015936080001,624.5
1533,54308.27,-2138.5008068360003,611.8
1534,54312.208,23.799611881,185.0
1535,54314.25,-421.199996481,433.3
1536,54315.272000000004,421.80119237400004,457.7
1537,54319.206,53.301593539,154.20000000000002
1538,54321.248,-2142.6012068560003,530.4
1539,54322.27,256.701591184,346.5
1540,54329.269,579.6000095869999,680.8
1541,54335.58,-12433.600798545001,1127.8999999999999
1542,54336.27099999999,73.900795883,367.0
1543,54340.208,-109.29960296800002,145.6
1544,54343.269,647.6003989060001,404.2
1545,54348.207,-240.400800067,192.70000000000002
1546,54350.27099999999,414.601191778,351.7
1547,54355.227,-553.10040068,304.8
1548,54356.25,-557.398786327,129.89999999999998
1550,54357.269,681.1991994480001,320.5
1551,54361.206,-57.499195805,512.2
1552,54364.27099999999,-59.601603652,274.3
1553,54368.208,-232.09919106600003,161.5
1554,54371.269,1459.5011919029998,354.2
1555,54375.21,241.09919820599998,162.1
1556,54378.27099999999,-1092.3011870999999,668.0
1557,54383.209,-322.401587027,183.7
1558,54384.227999999996,-23.900395263,239.7
1559,54385.269,-366.098396398,314.90000000000003
1560,54390.207,-287.99999825,220.9
1561,54392.267,-76.899587498,265.2
1562,54396.208,-406.400391739,200.1
1563,54398.25,1970.30160507,278.7
1564,54399.269,-428.000393526,311.0
1565,54403.206,-218.49839697599998,141.4
1566,54404.269,-70.89839755300001,384.0
1567,54410.208,23.101213742,136.4
1568,54411.227,-490.29838749,553.1
1569,54412.246,-59.698805899,540.5
1570,54413.269,304.498800574,375.09999999999997
1571,54418.225,3014.701192683,707.2
1572,54419.248,-2259.10078484,1094.4
1573,54420.27099999999,100.00080123999999,337.4
1574,54424.208,540.298813689,193.0
1575,54425.27099999999,-255.99958632899998,393.7
1576,54431.206,248.69880235199997,243.0
1577,54433.288,290.001597136,213.7
1578,54434.27099999999,-837.2015912530001,415.8
1579,54438.208,-182.098790447,275.3
1580,54440.25,-732.8015954040001,189.29999999999998
1581,54441.269,304.70039291700004,446.7
1582,54445.206,69.59880352,117.8
1583,54447.248,718.59960542,141.7
1584,54447.584,4376.80079699,1526.2
1585,54448.27099999999,-806.19839764,287.6
1586,54455.269,-23.601600674000004,194.70000000000002
1587,54461.208,-230.601585827,178.4
1588,54462.27099999999,-309.999603587,206.1
1589,54468.206,31.399190448,174.1
1590,54469.269,40.100402998,471.9
1591,54473.206,49.298395766,174.5
1592,54476.27099999999,582.699610163,221.29999999999998
1593,54483.273,321.09841186,384.40000000000003
1594,54485.559,1756.6992084990002,1214.8000000000002
1595,54489.248,-142.89840350999998,131.3
1596,54490.27099999999,231.400792927,359.4
1597,54497.273,-319.899601209,257.6
1598,54501.206,-176.198409463,241.2
1599,54503.248,-1177.2000078740002,2370.6
1600,54504.27099999999,116.10000001399999,357.5
1601,54509.227,418.89960300499996,551.3000000000001
1602,54510.25,1847.5991936379999,482.59999999999997
1603,54511.269,-36.500389911,206.7
1604,54517.248,-58.600804209,186.70000000000002
1605,54518.27099999999,157.29840470200003,209.7
1606,54525.273,-356.698785708,317.8
1607,54529.207,7.498795185,82.19999999999999
1608,54532.27099999999,-317.498398772,305.09999999999997
1609,54538.582,-9713.498408813999,1838.2
1610,54539.269,-62.999998818,400.0
1611,54543.207,-97.199995253,95.4
1612,54545.27,-786.2003911900001,516.2
1613,54551.209,-52.099201753,133.89999999999998
1614,54553.269,306.000012529,209.9
1615,54560.27099999999,-560.098808933,303.59999999999997
1616,54564.208,-169.898399349,110.39999999999999
1617,54566.25,60.998399930999994,182.5
1618,54567.269,-53.100001196,277.4
1619,54571.207,63.500411329,174.4
1620,54574.27099999999,-150.998394588,287.2
1621,54579.209,-337.10040838699996,209.0
1622,54581.273,-517.899604802,273.2
1623,54586.27,-52.498805303,324.7
1624,54592.208,-92.49839934,143.4
1625,54594.268,-323.600397678,264.7
1626,54599.207,-42.800400024,186.4
1627,54602.27099999999,470.098814276,356.9
1628,54608.25,-979.401596624,357.0
1629,54609.273,311.60159892400003,346.4
1630,54616.27099999999,480.30121320200004,600.6
1631,54620.209,156.60000656199998,122.89999999999999
1632,54623.269,-106.700389324,304.5
1633,54628.27,-1030.8996024829999,473.0
1634,54634.209,-43.700390506,143.3
1636,54637.269,-100.19878686799998,306.3
1637,54641.207,-240.901186999,276.3
1638,54644.27099999999,1240.8984048309999,664.1
1639,54650.269,-683.600401885,421.59999999999997
1640,54655.207,188.39880056,202.5
1641,54658.27099999999,196.30080601,444.79999999999995
1642,54662.209,16.599611286,157.29999999999998
1643,54664.25,267.400795906,918.6999999999999
1644,54665.269,68.101198281,323.79999999999995
1645,54669.207,-362.40120664399996,182.79999999999998
1646,54672.27099999999,-292.500001819,437.0
1647,54679.269,-365.601590602,380.59999999999997
1648,54686.27099999999,600.901191206,385.7
1649,54690.497,287.30160011,196.9
1650,54691.502,-129.801603066,174.7
1651,54692.499,-151.999194031,95.60000000000001
1652,54693.5,-95.698808877,104.4
1653,54694.5,-187.401607832,130.8
1654,54695.501,-188.30159831400002,158.20000000000002
1655,54696.502,-378.399596457,183.0
1656,54697.499,-320.60160606299996,115.5
1657,54698.5,2.3003934760000004,183.5
1658,54699.501,-90.89998513900001,100.3
1659,54700.501,73.400408951,136.9
1660,54701.499,-176.90038873799998,110.3
1661,54702.499,-221.601604267,105.30000000000001
1662,54703.5,-21.499192826,118.3
1663,54704.501,-145.299605947,106.6
1664,54707.27,-636.4008072519999,395.5
1665,54712.208,-323.899192267,287.9
1666,54713.249,-111.59999644400001,145.1
1667,54714.27099999999,173.401210191,439.0
1668,54718.209,-165.20041015200002,137.7
1669,54719.239,-257.29920594099997,415.5
1670,54721.27,-211.29839638,407.6
1671,54728.27099999999,-605.9016072869999,235.9
1672,54732.209,-317.800800076,197.8
1673,54735.27,-187.09920652800002,305.5
1674,54742.27099999999,222.40081136700002,242.60000000000002
1675,54746.209,163.000800057,324.79999999999995
1676,54749.273,-207.601206625,297.09999999999997
1677,54754.208,-12.499185686,243.9
1678,54756.27099999999,382.100392926,457.1
1679,54760.209,-444.099592301,218.29999999999998
1680,54763.273,734.299200644,370.59999999999997
1681,54770.268,-797.6016007659999,421.59999999999997
1682,54776.247,-1909.900794317,1023.4000000000001
1683,54781.207,-204.501606049,154.70000000000002
1684,54783.249,1091.199604275,1411.6
1685,54783.581,2275.099200233,740.4
1686,54784.268,2.001598887,406.1
1687,54789.227999999996,-266.90040897399996,793.9000000000001
1688,54790.251,-614.401201915,662.0
1689,54791.273,683.701210846,335.3
1690,54796.27,-384.50159536300004,382.5
1691,54802.209,-609.5987970409999,209.1
1692,54805.27,419.101195348,427.59999999999997
1693,54812.272000000004,-333.000008368,348.0
1694,54819.27,299.098806522,464.0
1695,54824.265999999996,-493.30078582000004,624.1
1696,54831.294,1221.400810891,746.5
1697,54840.268,-38.199587492999996,259.6
1698,54847.265999999996,-408.39840949,416.7
1700,54854.272000000004,-32.198397548,280.3
1701,54861.27,-329.10120069100003,230.9
1702,54867.245,-1459.799986492,878.3
1703,54868.272000000004,51.800407164,238.5
1704,54873.225,-980.4995983130001,583.8
1705,54874.247,886.1004090480001,658.6999999999999
1706,54875.27,-118.59840469699999,227.1
1707,54882.272000000004,-316.19880474,228.5
1708,54889.27,753.6995923370001,553.9
1709,54893.207,-276.098401741,216.1
1710,54895.581,1124.100006678,820.3000000000001
1711,54896.268,-130.100397655,440.0
1712,54903.27,-316.299588121,195.0
1713,54910.268,-611.999999478,251.9
1714,54914.209,-242.398792238,211.0
1715,54917.27,-569.998806554,280.0
1716,54921.207,-141.598809478,160.3
1717,54924.268,-34.099187474000004,244.0
1718,54929.227999999996,532.299605993,403.7
1719,54930.269,-518.601609656,394.7
1720,54938.272000000004,264.599989919,258.29999999999995
1721,54945.27,-342.20160784999996,422.20000000000005
1722,54951.267,-145.10159474,326.1
1723,54956.209,-158.39998752699998,497.0
1724,54958.269,-385.199993502,287.2
1725,54966.268,-261.00000241099997,265.79999999999995
1726,54972.58,1578.600009111,999.0
1727,54973.27,-239.101206034,274.0
1728,54976.999,-2983.100409892,2914.4
1729,54978.208,-63.201591161,390.79999999999995
1730,54980.268,-754.599608399,260.6
1731,54987.27,-147.200395872,318.79999999999995
1732,54993.27099999999,180.601210786,203.4
1733,54993.582,6133.50000549,1274.1
1734,55001.27,-383.399986958,307.5
1735,55005.208,3.898807677,191.1
1736,55006.227,-1823.601596129,669.0
1737,55008.268,-524.800785229,395.5
1738,55012.206,-88.401606035,219.20000000000002
1739,55014.269,-39.59999048700001,322.0
1740,55021.249,-726.800405459,247.79999999999998
1741,55022.268,-249.998396384,395.6
1742,55026.206,-17.600385149,269.2
1743,55028.584,-9340.898409960002,1014.3
1744,55029.27,546.098411291,1211.8
1745,55032.999,-3888.399592711,553.0
1746,55034.208,21.200398237,230.7
1747,55036.268,-582.699610163,368.3
1748,55043.27,-1303.401597852,459.2
1749,55050.269,17.200807179,278.3
1750,55057.27,699.80040962,437.3
1751,55064.269,-378.79920000699997,326.1
1752,55069.225,148.701607827,744.9
1753,55071.292,-564.9983904730001,1059.9
1754,55077.25,-671.399985208,267.90000000000003
1755,55078.269,-294.699586334,397.0
1756,55085.27,168.400794109,401.0
1757,55092.269,-1933.700406198,762.2
1758,55096.206,-150.40080541,154.9
1759,55099.27,-627.598785741,268.8
1760,55106.269,270.50039648200004,294.5
1761,55113.27,-308.19959704300004,338.6
1762,55120.269,-200.300397069,341.1
1763,55124.21,-65.00159770399999,574.0
1764,55125.22900000001,885.8987911249999,880.3
1765,55127.274000000005,-873.201594231,396.1
1766,55134.269,-739.6991946960001,353.5
1767,55141.27099999999,-130.399192244,301.59999999999997
1768,55147.582,3451.100397456,1840.6
1769,55148.269,-697.2011959759999,447.2
1770,55153.22900000001,375.69959943099997,1783.4
1771,55155.27099999999,79.700393485,481.4
1772,55160.27099999999,172.90079767900002,710.3000000000001
1773,55169.27099999999,-818.499597699,379.2
1774,55176.269,111.89879103300001,360.5
1775,55181.22900000001,1052.301593063,734.4000000000001
1776,55183.27099999999,184.298400541,348.7
1777,55187.208,-464.10120546599995,190.0
1778,55188.27099999999,-506.401192979,276.5
1779,55195.273,-122.79958809800002,409.8
1780,55204.273,663.001199541,281.4
1781,55210.584,-3340.7999950440003,1918.1999999999998
1782,55211.27099999999,-60.001207203,280.1
1783,55218.269,-762.098403584,310.2
1784,55225.27099999999,-581.500799512,405.3
1785,55230.227,-683.600401885,377.90000000000003
1786,55232.269,-2497.899589571,682.8
1787,55237.22900000001,333.50039530000004,1034.8999999999999
1788,55238.248,-133.80119412399998,1262.3
1789,55239.27099999999,84.700809566,517.1
1790,55246.269,66.099599394,190.8
1791,55253.27099999999,-444.39838689000004,518.4
1792,55258.227,-775.5011864669999,600.1999999999999
1793,55267.27099999999,158.400013106,265.2
1795,55281.27099999999,-772.801189441,228.8
1796,55287.272000000004,-355.10039708700003,302.70000000000005
1797,55295.27099999999,304.30081494600006,368.5
1798,55300.227,-1756.799991881,1495.0
1799,55302.269,124.09920770999999,228.9
1800,55335.22900000001,-576.601192392,2090.7
1801,55336.248,-2422.299596105,1038.8999999999999
1802,55370.227999999996,4497.800404124,2264.1
1803,55383.0,-420.00118582999994,792.0
1804,55398.227999999996,-729.3995935240001,659.8000000000001
1805,55445.999,-586.1987887099999,773.0
1806,55461.23,451.000798307,883.8000000000001
1807,55475.23,-260.499589899,971.8
1808,55517.23,-2855.1995967519997,3247.9
1809,55525.999,887.79960663,467.4
1810,55578.997,-872.301603749,1561.5
1811,55594.227999999996,-472.600800094,664.6999999999999
1812,55595.251,132.99840588799998,1486.0
1813,55644.249,-1027.2995893959999,3452.2
1814,55706.227999999996,-5127.001185201,1502.0
1815,55735.58,-14663.00159052,13540.6
1816,55746.997,5445.201614407001,1173.3
1817,55809.999,766.0007923960001,779.1
1818,55812.582,9443.401197018,1001.9
1819,55840.712999999996,-32659.498785391996,6666.2
1820,55846.22900000001,-5825.901604339,4088.4
1821,55881.231,1744.401615156,1346.5
1822,55882.25,671.1011906190001,1137.2
1823,55903.58,2708.7012057340003,5675.2
1824,55909.227,370.299605379,389.2
1825,55938.582,-3325.10039982,1356.3
1826,55942.998,1216.6992149789999,826.0
1827,55972.22900000001,-202.201186994,493.59999999999997
1828,55973.248,3958.599592124,2424.4
1829,56014.22900000001,-489.301194762,406.8
1830,56015.248,-253.699192854,758.8000000000001
1831,56029.584,18181.598409228,1206.6
1832,56056.22900000001,495.698407121,539.5
1833,56057.248,-195.598801156,1245.3000000000002
1834,56064.582,3766.499995095,3754.3
1835,56092.582,-17397.298807963998,1124.1000000000001
1836,56112.22900000001,-298.799986354,455.79999999999995
1837,56120.582,88114.499990866,13590.8
1838,56133.227,870.800391795,857.1999999999999
1839,56174.0,-487.59839046400003,616.0
1840,56182.22900000001,-1130.6016091339998,614.1999999999999
1841,56183.584,28681.300790366997,6048.2
1842,56217.227999999996,506.800796529,388.1
1843,56239.249,3375.10080044,2641.7000000000003
1844,56245.227999999996,-1954.198799581,537.2
1845,56246.583,-1000.800006068,2677.4
1846,56254.001,37.501214933,713.8
1847,56274.583,-9483.598802262,711.8
1848,56314.001,86.40000714899999,1001.3000000000001
1849,56456.583,7557.699592553001,5510.900000000001
1850,56491.582,30555.500401874,6345.1
1851,56615.208,194.601608428,180.10000000000002
1852,56618.272000000004,234.500393503,337.8
1853,56623.272000000004,-9001.800009401,340.0
1854,56681.27,297.500392321,265.29999999999995
1855,56692.206,-4.89960712,134.7
1856,56702.265,-308.19959704300004,242.29999999999998
1857,56783.497,-83.09878865,85.0
1858,56784.497,123.00120602,65.4
1859,56785.498,103.60081432700001,87.5
1860,56786.499,17.600410729,70.8
1861,56787.5,-63.298793407,58.4
1862,56788.501,-530.4995994489999,675.4
1863,56789.498,-73.400408951,60.3
1864,56790.498,-58.600804209,72.7
1865,56791.499,149.101211377,586.7
1866,56792.5,414.500408397,274.3
1867,56793.497,-109.40038635,70.3
1868,56794.498,96.59879936,56.5
1869,56795.499,-132.199198788,55.599999999999994
1870,56796.5,-275.299194641,122.2
1871,56797.5,-122.90039705900001,150.10000000000002
1872,56842.291,-181.598403515,583.9
1873,56850.498,1384.498813195,719.0
1874,56851.499,-712.198786346,700.2
1875,56857.5,2054.098791859,932.9
1876,56858.501,-385.099210121,735.1
1877,56875.792,635.698802398,649.4
1878,56878.498,7850.700006884001,6960.8
1879,56879.503,4388.2992088129995,1728.1
1880,56885.496,1161.601196031,501.29999999999995
1881,56886.501,140.900411338,798.4
1882,56904.665,1111.899590001,513.3
1883,56905.662000000004,-1284.6996042980002,711.5
1884,56906.65900000001,799.099206006,591.3000000000001
1885,56907.655999999995,-6007.798802443001,800.5
1886,56908.412000000004,550.501212615,754.5
1887,56911.645,-762.9011918199999,627.7
1888,56912.642,978.00119363,681.4
1889,56913.639,866.699991775,699.3000000000001
1890,56914.636,-284.10119057300005,605.1999999999999
1891,56915.399000000005,3065.601609364,688.3000000000001
1892,56917.627,507.30120904099994,596.9
1893,56918.625,8097.998406242001,635.5
1894,56919.602999999996,2192.198397211,644.9
1895,56920.619000000006,143.89920295299999,607.9
1896,56921.615999999995,-1698.501588976,1012.2
1897,56924.79,-3123.698394347,1099.3999999999999
1898,56934.498,3869.600396911,1399.7
1899,56935.499,-2055.801596157,1351.6
1900,56939.25,-1090.501206136,608.3
1901,56941.496,4246.498806991999,1783.7
1902,56942.501,12309.199215109998,1881.8999999999999
1903,56945.792,1670.601602655,882.9
1904,56948.498,107.499596425,943.8
1905,56950.168,3508.9991968110003,1160.1999999999998
1906,56962.502,2107.198793055,740.3
1907,56963.503,5588.099992337001,733.1999999999999
1908,56976.498,1692.7991936199999,1180.3999999999999
1909,56977.499,3449.1996075300003,911.5999999999999
1910,56983.497,18451.198789649,3455.1
1911,56984.501,-5294.599191075,934.2
1912,56986.167,292.89960536999996,780.8000000000001
1913,56990.498,-3426.5988063,799.0
1914,56991.503,6694.300793697,817.1
1915,56997.497,5323.701594761999,1223.6
1916,56998.501,3033.69839969,1582.0
1917,57004.498,-3987.100799918,752.1999999999999
1918,57005.499,213.699598817,874.5
1919,57006.792,4754.998801104,806.6999999999999
1920,57011.61,-6678.601198473,1882.4
1921,57012.501,1418.7995930109998,801.1
