MJD,R.A. (mas),Dec. (mas),Err. R.A. (mas),Err. Dec. (mas),Corr.,Del.,RAcosDEC,BY,MJDtrunc,MJDReal
45754.258,-1.9096251867449998,-1.887001224077,1.2912,0.7417,-0.084,40.0,0.5938205962128998,1984.147297326748,45754.0,45754
45759.251,-1.55435928306,-2.305601981334,1.2032,1.1362,0.027999999999999997,19.0,1.042109256567825,1984.1609677077079,45759.0,45759
45764.244000000006,0.051039534973,1.460397601249,0.7069,0.6182,0.325,21.0,0.0056232607473341465,1984.174638088668,45764.0,45764
45769.259000000005,-5.738531827789,0.890999990588,2.5316,1.1073,-0.363,25.0,-3.6074399331280063,1984.1883687036318,45769.0,45769
45864.264,-2.97200423879,0.696600000083,0.6484,0.6307,0.547,27.0,-2.27961077149747,1984.44848377335,45864.0,45864
45874.253,1.019167077796,-0.458200798903,0.6684,0.6203,0.513,26.0,0.9140397885622465,1984.4758327489978,45874.0,45874
45879.25,-0.46637080780100004,-4.305599998133,0.6403,0.5886,0.502,27.0,0.1845253869715911,1984.489514081595,45879.0,45879
45884.25,0.35865502519299997,-0.5323031871280001,0.5786,0.5316,0.47600000000000003,29.0,0.30903167558307437,1984.5032036279197,45884.0,45884
45889.258,1.268335788516,1.371697175045,0.6503,0.6288,0.444,21.0,0.250859517650744,1984.5169150775187,45889.0,45889
45894.291,1.1425667829600001,-0.773503194296,0.6493,0.6033,0.565,28.0,0.8174694824790586,1984.5306949748492,45894.0,45894
45899.248,3.172593372968,1.336096801197,0.606,0.5605,0.556,29.0,0.7377889979622392,1984.5442667910759,45899.0,45899
45904.255,3.402869742042,4.34519998862,1.7515,1.559,0.311,7.0,-1.2216071893151867,1984.5579755027654,45904.0,45904
45909.252,1.3737427776109998,-0.642502806159,2.2351,1.7396,0.263,6.0,1.0998165209391013,1984.5716568353625,45909.0,45909
45939.25,0.7731169054279999,0.804599983439,0.645,0.5921,0.5670000000000001,24.0,0.5360788940311326,1984.653788637493,45939.0,45939
45944.254,0.599876675131,-0.165002398944,0.5796,0.5341,0.503,21.0,0.5917291269209612,1984.667489135455,45944.0,45944
45949.254,3.7360945736549995,1.3806971821849998,0.5757,0.5022,0.521,26.0,0.7059584370019967,1984.6811786817798,45949.0,45949
45954.251,-0.965337967146,-0.121600777447,0.4632,0.443,0.48700000000000004,29.0,-0.9582096522142383,1984.694860014377,45954.0,45954
45959.247,1.4249622376989999,-1.4056019836059999,1.1146,0.9677,0.276,28.0,0.2343265352110567,1984.7085386090646,45959.0,45959
45964.251,-3.343943612253,-1.529002793177,1.1113,1.0024,0.2,26.0,-0.13971453826715502,1984.7222391070266,45964.0,45964
45969.251,1.4257719416280001,0.797400008423,0.505,0.4919,0.33799999999999997,24.0,0.9960007527231991,1984.7359286533513,45969.0,45969
45974.277,-1.845601383246,-0.8479008215549999,0.5376,0.5277,0.282,23.0,-1.2209737666803204,1984.7496893853172,45974.0,45974
45979.263,2.8829108692439998,0.7626995738969999,0.5052,0.4958,0.5479999999999999,27.0,2.0842683846290924,1984.7633406009122,45979.0,45979
45984.280999999995,-2.562520573115,-0.7967015847040001,0.4921,0.4953,0.038,21.0,-1.7913788314619428,1984.7770794296039,45984.0,45984
45989.252,-2.436871067618,0.848199590564,0.3543,0.3579,0.026000000000000002,23.0,-1.6115873667750582,1984.79068957656,45989.0,45989
45994.245,-4.731630749933,-2.050102807516,0.4515,0.4277,0.499,29.0,2.1820573678856245,1984.80435995752,45994.0,45994
45999.253,0.627045653896,1.4136984191280002,0.4654,0.4454,0.568,53.0,0.09810286957566959,1984.8180714071189,45999.0,45999
46004.242,-0.08618503020099999,1.446998373922,0.4574,0.4553,0.534,25.0,-0.010642297765744062,1984.831730836442,46004.0,46004
46009.25,-1.930347012526,-1.0916028145399999,1.1431,0.8875,0.321,29.0,-0.8900128874430487,1984.845442286041,46009.0,46009
46014.254,-1.0597996344660001,-0.35530198943,0.5605,0.5629,0.452,23.0,-0.9936061150972825,1984.8591427840029,46014.0,46014
46019.25,-0.414012067448,0.468298782152,0.8147,0.6913,0.406,51.0,-0.3694384749755979,1984.8728213786906,46019.0,46019
46024.265,-0.925484104118,-0.670402818059,0.4468,0.445,0.414,27.0,-0.725182928750397,1984.8865519936544,46024.0,46024
46029.258,-1.702948749813,-1.549501212139,0.4959,0.4595,0.46799999999999997,25.0,-0.03626174806092714,1984.9002223746143,46029.0,46029
46034.251,0.218101763567,0.203698817813,0.4367,0.4155,0.466,25.0,0.21359251693245215,1984.9138927555744,46034.0,46034
46039.244000000006,-0.37286849563100005,0.150299996449,0.4469,0.3915,0.391,25.0,-0.36866485172979757,1984.9275631365344,46039.0,46039
46044.248,-1.3048307221089999,-0.15830281086,0.4381,0.4132,0.43700000000000006,29.0,-1.2885154508996242,1984.9412636344962,46044.0,46044
46049.252,0.517770233915,-0.22310279064199998,0.5097,0.473,0.405,21.0,0.504937625874917,1984.9549641324581,46049.0,46049
46054.263,0.33919267521799995,1.853499600202,0.5698,0.5467,0.539,35.0,-0.09461868925256336,1984.968683795785,46054.0,46054
46057.492,-0.263802497356,-0.037702807276,0.3809,0.354,0.5529999999999999,32.0,-0.2636150217195291,1984.9775245048015,46057.0,46057
46064.249,1.166437339168,-0.497700006008,0.9159,0.819,0.43,27.0,1.0249285620260185,1984.996024557705,46064.0,46064
46069.253,-0.126188585361,-0.21450238705299998,0.4768,0.4014,0.387,29.0,-0.12329665059270274,1985.0097250556666,46069.0,46069
46074.246,0.411493115835,0.889999216724,0.414,0.3774,0.521,34.0,0.2589989664188318,1985.0233954366267,46074.0,46074
46079.254,-1.6553882989050002,-0.37940042148,0.8804,0.7205,0.575,14.0,-1.5376684466395854,1985.0371068862257,46079.0,46079
46084.247,-0.010165850827999999,-0.882302384753,0.9288,0.5694,0.39,16.0,-0.006459126652124693,1985.0507772671858,46084.0,46084
46089.28,-0.098029977551,0.419198397594,1.0714,1.0175,0.318,39.0,-0.0895421018103826,1985.0645571645164,46089.0,46089
46094.247,-0.038623842902,-0.363801609637,0.577,0.5004,0.649,17.0,-0.036095945403237774,1985.0781563598355,46094.0,46094
46099.233,1.007561785135,0.808898420246,0.7219,0.6269,0.619,15.0,0.6955157436150087,1985.0918075754305,46099.0,46099
46104.265999999996,-0.35304629542599997,-0.73130038345,0.395,0.3612,0.486,33.0,-0.2627746829574981,1985.105587472761,46104.0,46104
46109.252,-0.827274201452,-0.418100421484,0.425,0.3834,0.501,33.0,-0.75601434497666,1985.1192386883563,46109.0,46109
46114.259000000005,0.208115837853,-0.628200007213,0.3932,0.3499,0.536,31.0,0.16838374711361506,1985.1329474000459,46114.0,46114
46119.252,0.820857281451,0.622800013161,0.3868,0.3548,0.499,29.0,0.6667399825081081,1985.146617781006,46119.0,46119
46124.263,-0.811260702559,-1.3652027860190001,0.3578,0.3318,0.581,64.0,-0.16561744187435634,1985.1603374443328,46124.0,46124
46129.238,1.4413658607159998,0.890697589284,0.7906,0.7126,0.33299999999999996,61.0,0.9064314555797794,1985.173958542926,46129.0,46129
46134.231,-0.113174083851,-0.09269999168299999,1.0246,1.2626,0.059000000000000004,9.0,-0.11268816319767137,1985.187628923886,46134.0,46134
46139.25,1.3623476430489998,2.037297588231,0.9684,0.6716,0.43,26.0,-0.6127351371248421,1985.2013704904869,46139.0,46139
46144.254,-0.10975546575200001,-0.465202788291,0.6804,0.6059,0.384,26.0,-0.09809181961369645,1985.2150709884486,46144.0,46144
46149.254,1.026603818913,2.83369682279,0.3163,0.313,0.484,35.0,-0.9783260867542446,1985.2287605347735,46149.0,46149
46154.247,-1.096234838484,0.211399179761,0.3406,0.3241,0.46,31.0,-1.0718307704971275,1985.2424309157336,46154.0,46154
46159.251,0.617030190681,0.747799185774,0.3536,0.3364,0.473,32.0,0.4523986723409842,1985.2561314136954,46159.0,46159
46164.265999999996,-1.417434797631,1.00620000012,0.3297,0.3201,0.5329999999999999,30.0,-0.7584336897685513,1985.2698620286592,46164.0,46164
46169.251,1.245695211524,0.12299757372600001,0.376,0.3427,0.584,34.0,1.236284395046225,1985.283510506345,46169.0,46169
46174.27,0.76840857854,2.094098385896,0.3361,0.326,0.568,35.0,-0.3840068189994509,1985.2972520729459,46174.0,46174
46179.259000000005,-1.461756596466,-1.021802393097,0.3082,0.3038,0.628,71.0,-0.7627873752513316,1985.310911502269,46179.0,46179
46184.245,-1.200442817739,2.372497181113,0.3892,0.3529,0.064,32.0,0.8625662414661958,1985.324562717864,46184.0,46184
46189.23,-0.7048036184540001,0.47139840830799995,0.8934,0.752,0.516,28.0,-0.6279335751628036,1985.33821119555,46189.0,46189
46194.238,-1.363996506587,-1.823400003786,0.6379,0.5904,0.415,55.0,0.3408979901129644,1985.3519226451488,46194.0,46194
46199.22,-4.034113444072,-1.618700412109,0.4978,0.4526,0.45299999999999996,24.0,0.1931766111468827,1985.365562909107,46199.0,46199
46201.331,-0.007197086428,-0.775501212047,0.1113,0.1053,-0.077,211.0,-0.005139225220045982,1985.3713426355653,46201.0,46201
46204.268,-0.41659078954499995,0.390600013134,0.4571,0.4551,0.645,29.0,-0.38521349427498086,1985.3793838750764,46204.0,46204
46209.257000000005,0.133656254943,-1.8724031860980002,0.3969,0.3784,0.607,31.0,-0.039703247559552776,1985.3930433043995,46209.0,46209
46214.25,-0.436202831652,-0.023900395263,0.4111,0.4095,0.634,28.0,-0.4360782517519899,1985.4067136853594,46214.0,46214
46219.276,-0.6754460008050001,-1.0624032086069999,0.4032,0.3963,0.52,23.0,-0.328789700164863,1985.420474417325,46219.0,46219
46224.258,-0.144690802883,0.716097594022,0.3442,0.3259,0.555,27.0,-0.10915086177685292,1985.4341146812833,46224.0,46224
46229.258,5.288234984848,1.4621975822139999,0.728,0.5529,0.618,25.0,0.5731675019302573,1985.447804227608,46229.0,46229
46234.24,1.15735103903,-0.227602794212,0.4099,0.3889,0.655,49.0,1.127503078283852,1985.4614444915662,46234.0,46234
46239.251,-3.076691527423,-2.628201605148,0.3741,0.344,0.501,35.0,2.6800569476749043,1985.4751641548928,46239.0,46239
46244.252,1.28767794295,0.8079983786049999,0.4173,0.3667,0.48200000000000004,30.0,0.8897169534098612,1985.488856439127,46244.0,46244
46249.248,0.253307724762,-0.6813000084090001,0.3143,0.2845,0.48700000000000004,32.0,0.19675794693571166,1985.5025350338149,46249.0,46249
46254.238,-1.07653283382,0.565696814192,0.3844,0.3952,0.575,29.0,-0.9088255001031663,1985.516197201047,46254.0,46254
46259.238,1.106161811926,-0.015703176359000003,0.3515,0.3032,0.49700000000000005,31.0,1.10602543064746,1985.5298867473718,46259.0,46259
46264.224,-0.095660718071,-0.170002789446,0.3534,0.3256,0.524,33.0,-0.09428170137735399,1985.5435379629669,46264.0,46264
46269.209,1.095695799531,1.5340968047889998,0.4407,0.3939,0.552,26.0,0.040202486202384105,1985.557186440653,46269.0,46269
46274.29,0.786851066488,-0.7612019942370001,0.3772,0.3663,0.527,31.0,0.5696860009062612,1985.5710977576282,46274.0,46274
46279.272000000004,-0.528475164607,-2.902600783727,0.3851,0.3548,0.504,32.0,0.5134543765150696,1985.5847380215862,46279.0,46279
46284.261,-1.125953042756,-1.3751027836410001,0.3799,0.35,0.489,29.0,-0.21893806429916965,1985.598397450909,46284.0,46284
46289.247,2.902193294104,1.627696786954,0.6154,0.5673,0.418,30.0,-0.1650470391549967,1985.6120486665043,46289.0,46289
46299.233,-0.862090079433,-1.005400793019,0.4088,0.3555,0.494,28.0,-0.46186461991364874,1985.6393894284242,46299.0,46299
46304.251,-0.170990389055,2.84489999558,0.4072,0.3656,0.622,32.0,0.16351958790772167,1985.653128257116,46304.0,46304
46309.23,1.4874271402169998,-3.620300424245,0.6514,0.67,0.528,17.0,-1.320226803942526,1985.666760307346,46309.0,46309
46314.237,-3.587504329599,0.018997207007,0.4034,0.4211,0.496,27.0,-3.5868569948997417,1985.6804690190359,46314.0,46314
46319.234000000004,2.73869937574,1.751097596525,0.4149,0.3675,0.632,41.0,-0.49111991557612455,1985.694150351633,46319.0,46319
46324.245,-0.871206612554,-2.539501178944,0.3884,0.3702,0.584,28.0,0.7180074346604786,1985.7078700149596,46324.0,46324
46329.242,-0.930042738875,-3.112102780278,0.3671,0.3633,0.638,34.0,0.9296383611259732,1985.7215513475567,46329.0,46329
46334.235,-2.389640233958,-3.2054004122979998,0.3624,0.3338,0.511,28.0,2.3847772576787833,1985.7352217285168,46334.0,46334
46339.231,-1.164787043756,-0.34240320019299997,0.3804,0.3452,0.509,31.0,-1.0971717472025295,1985.7489003232045,46339.0,46339
46344.246,1.5704332479190002,1.276797598848,0.4434,0.4035,0.6,29.0,0.45508279323041784,1985.7626309381683,46344.0,46344
46349.242999999995,2.381693950478,0.7975979940510001,0.3726,0.3317,0.574,32.0,1.6634412456664947,1985.7763122707654,46349.0,46349
46354.232,0.8449977253309999,-1.26610202642,0.3533,0.3309,0.513,29.0,0.2535006446905856,1985.7899717000882,46354.0,46354
46359.242999999995,-0.856152468811,0.08959678439200001,0.3505,0.336,0.526,32.0,-0.8527183492071996,1985.803691363415,46359.0,46359
46364.24,1.017847136023,-0.478702799001,0.3087,0.284,0.581,56.0,0.9034341932477208,1985.817372696012,46364.0,46364
46369.237,-1.605908360395,-0.49940278472599997,0.735,0.5982,0.504,31.0,-1.4097767258117602,1985.831054028609,46369.0,46369
46374.23,-0.9768237597470001,0.970599575112,0.8995,0.7802,0.207,31.0,-0.5517147957681237,1985.8447244095692,46374.0,46374
46379.240999999995,0.814979441314,-0.150202794202,0.3273,0.3045,0.48700000000000004,34.0,0.8058033860096634,1985.8584440728957,46379.0,46379
46384.245,1.0093610771969999,0.014198383269,0.4193,0.392,0.499,34.0,1.0092593382935462,1985.8721445708577,46384.0,46384
46389.295999999995,4.081584668814,1.073397601203,0.6406,0.5046,0.21100000000000002,59.0,1.947491741777307,1985.8859737505552,46389.0,46389
46394.231,2.249897412653,1.6803971846,0.6969,0.5441,0.38799999999999996,30.0,-0.2460972939758457,1985.8994853327777,46394.0,46394
46399.238,-0.664710141648,-0.883101591853,0.4322,0.4133,0.39399999999999996,25.0,-0.4219297915747402,1985.9131940444674,46399.0,46399
46404.242,0.150839307995,-0.8957016120800001,0.432,0.4258,0.45399999999999996,30.0,0.09427023212792932,1985.9268945424294,46404.0,46404
46409.25,1.2926561575120001,0.6854976106749999,0.5712,0.4929,0.584,58.0,1.0006504655221011,1985.9406059920284,46409.0,46409
46414.276,0.215492849397,-0.637502415657,0.5971,0.5283,0.603,21.0,0.17316677841585895,1985.954366723994,46414.0,46414
46419.261,0.040213713258,0.008697605836,0.4141,0.3722,0.447,31.0,0.04021219221711578,1985.96801520168,46419.0,46419
46422.775,11.827203125355,0.310298423756,9.1808,10.0558,0.151,8.0,11.262365362541855,1985.977636214837,46422.0,46422
46429.22900000001,-2.04639993913,-1.800100778837,0.7998,0.5882,0.244,30.0,0.4651471906920025,1985.9953066812332,46429.0,46429
46434.204000000005,1.359978383568,1.103497197619,0.726,0.6196,0.473,33.0,0.6126384732477034,1986.0089277798263,46434.0,46434
46439.324,1.015957922314,-0.746701209664,0.3635,0.3743,0.33,25.0,0.7456455202783252,1986.0229458752628,46439.0,46439
46444.233,-0.299128654092,-0.039700825027,0.3828,0.3122,0.41700000000000004,24.0,-0.29889294841565905,1986.0363862718448,46444.0,46444
46449.23,-0.566649890203,0.40909678205,0.4795,0.3841,0.465,26.0,-0.5198902131267353,1986.0500676044417,46449.0,46449
46454.238,0.34192178492799996,-0.623300400093,0.4681,0.3636,0.428,23.0,0.27762557439382674,1986.0637790540407,46454.0,46454
46459.234000000004,2.043791024961,4.029998376609,0.5025,0.3901,0.5670000000000001,24.0,-1.2889170015058151,1986.0774576487286,46459.0,46459
46464.227,0.130806949691,3.025998012163,0.3481,0.2842,0.504,35.0,-0.12993399323361568,1986.0911280296884,46464.0,46464
46469.275,-0.48337393573799997,0.6913979916590001,0.4022,0.3476,0.467,32.0,-0.37236971579594497,1986.104948995658,46469.0,46469
46474.261,1.24068676398,-0.836100008428,0.3837,0.331,0.525,28.0,0.8317090673561415,1986.1186002112531,46474.0,46474
46479.242999999995,-0.484873066234,-0.5426027883,0.5153,0.4052,0.596,27.0,-0.41522957940782385,1986.1322404752111,46479.0,46479
46484.232,-0.987139343618,-0.834202825217,0.3462,0.2803,0.525,32.0,-0.6631290295027296,1986.1458999045342,46484.0,46484
46489.232,1.4669449691249998,-0.7778015799429999,0.3794,0.298,0.561,36.0,1.0451365649893902,1986.1595894508591,46489.0,46489
46494.236,-0.9587706186210001,-0.67080242161,0.3944,0.3278,0.469,30.0,-0.7510271933157908,1986.1732899488209,46494.0,46494
46499.236,0.9659382084579999,0.9180972142530001,0.3786,0.3256,0.556,32.0,0.586646071174427,1986.1869794951458,46499.0,46499
46504.233,3.6399235768300002,1.663898382276,0.4999,0.46,0.474,32.0,-0.33839500439642267,1986.2006608277427,46504.0,46504
46509.23,-0.833931512534,-2.238901186047,0.3596,0.3135,0.588,48.0,0.516620088663308,1986.2143421603398,46509.0,46509
46514.234000000004,2.884500003208,-0.373402787091,0.3527,0.306,0.5429999999999999,35.0,2.6857332904299707,1986.2280426583018,46514.0,46514
46518.503,0.916008457159,0.047599223763,0.3943,0.3823,0.527,33.0,0.9149709592525074,1986.2397307929539,46518.0,46518
46524.238,-0.647077275808,1.3065983750949999,0.3118,0.2703,0.52,60.0,-0.168974610603673,1986.2554327025885,46524.0,46524
46529.249,-0.053947874316999996,0.037897211768999996,0.3419,0.3298,0.469,33.0,-0.053909139020899645,1986.2691523659153,46529.0,46529
46534.235,0.93577092779,0.8264987798160001,0.3535,0.3246,0.485,29.0,0.6339429545085598,1986.2828035815103,46534.0,46534
46539.239,-2.169589486197,-1.70410322653,0.3297,0.3099,0.524,23.0,0.28836539681682555,1986.2965040794722,46539.0,46539
46544.239,0.9652789330529999,0.194497192751,0.434,0.3717,0.295,18.0,0.947078572468385,1986.3101936257972,46544.0,46544
46549.246,-0.6353222910149999,0.13289762250700002,0.2917,0.2604,0.244,28.0,-0.6297200830615517,1986.3239023374867,46549.0,46549
46554.236,-3.1774808885790002,-2.363702424191,0.8894,0.9649,0.122,6.0,2.2636237630684146,1986.337564504719,46554.0,46554
46559.236,-1.414286108116,-1.6311023955500001,0.3598,0.3474,0.47100000000000003,29.0,0.08523834723023925,1986.351254051044,46559.0,46559
46564.24,-2.646606231508,0.187099180948,0.3139,0.3146,0.493,47.0,-2.6004175223870982,1986.3649545490057,46564.0,46564
46567.505,1.0672076153849999,-1.576400399017,0.3734,0.316,0.519,24.0,-0.005980677247996518,1986.373893822756,46567.0,46567
46574.248,-1.666484049203,-0.5600015811069999,0.3587,0.3309,0.488,33.0,-1.411935728490824,1986.3923555449296,46574.0,46574
46579.244000000006,-1.209529158787,-1.540702822922,0.3822,0.3642,0.575,29.0,-0.03639347674005334,1986.4060341396173,46579.0,46579
46584.245,0.109065998275,-0.155102401322,0.3695,0.3798,0.544,29.0,0.10775673915161632,1986.4197264238514,46584.0,46584
46589.249,-0.798516088723,-0.65760117991,0.4253,0.3848,0.483,30.0,-0.6319941138560293,1986.4334269218134,46589.0,46589
46594.234000000004,-1.191746600815,-0.06320161674,0.41,0.3911,0.43799999999999994,32.0,-1.1893672102585862,1986.4470753994992,46594.0,46594
46599.245,-0.414701534925,-0.9884016037630001,0.3095,0.297,0.52,55.0,-0.22809640245806445,1986.460795062826,46599.0,46599
46604.235,-2.678273379064,-0.795002387122,0.3767,0.3474,0.516,29.0,-1.87554948265563,1986.4744572300583,46604.0,46604
46609.253,-1.550100768959,-0.304902010839,0.4771,0.4126,0.608,19.0,-1.4786044999993186,1986.4881960587497,46609.0,46609
46614.246,0.9372103287119999,0.09279719392899999,0.4723,0.4348,0.59,23.0,0.9331779150089318,1986.5018664397098,46614.0,46614
46619.242999999995,1.294905262362,1.2530988215080001,0.4575,0.3872,0.616,25.0,0.4045026601854675,1986.5155477723067,46619.0,46619
46624.247,-0.796926259277,-1.114700421567,0.3876,0.3646,0.513,33.0,-0.35100334871704936,1986.5292482702687,46624.0,46624
46629.233,0.110445669622,0.500799581005,0.3621,0.3235,0.486,32.0,0.09688282452377202,1986.542899485864,46629.0,46629
46634.247,-2.5417390177590002,-2.793103220711,0.3977,0.3564,0.532,28.0,2.388954096837935,1986.5566273629183,46634.0,46634
46639.233,0.051429618185999997,-0.440802006096,0.3043,0.2825,0.561,31.0,0.046513448961141284,1986.5702785785136,46639.0,46639
46644.240999999995,-1.373802507185,-1.264802381229,0.3687,0.3316,0.606,32.0,-0.41384577661758104,1986.5839900281126,46644.0,46644
46649.252,-1.143945758826,-2.7980999789179997,0.381,0.3732,0.547,32.0,1.0771212015543175,1986.5977096914394,46649.0,46649
46654.234000000004,0.652805464723,-2.0236032241879998,0.622,0.6311,0.366,32.0,-0.2855966983148863,1986.6113499553974,46654.0,46654
46659.238,1.401751652378,-2.7825012182349997,0.7556,0.6712,0.28300000000000003,31.0,-1.312343027626292,1986.6250504533593,46659.0,46659
46664.234000000004,-1.838284101277,-3.647699998055,0.7602,0.6571,0.505,29.0,1.607833490940129,1986.638729048047,46664.0,46664
46669.224,-1.595082497769,-1.286301625214,0.7015,0.6405,0.312,44.0,-0.4476957922059217,1986.6523912152793,46669.0,46669
46674.242,0.220890643763,-4.066603207775,0.5897,0.5646,0.457,29.0,-0.13293776870155513,1986.666130043971,46674.0,46674
46679.239,1.7567174354069999,-0.7258031871520001,0.6747,0.5949,0.397,27.0,1.3139658948114377,1986.6798113765678,46679.0,46679
46684.236,-0.8079917765919999,-0.012600020227,0.3616,0.3365,0.5379999999999999,32.0,-0.8079276388474008,1986.693492709165,46684.0,46684
46689.247,1.121125256719,0.730997982146,0.3936,0.3391,0.555,47.0,0.8346872914668533,1986.7072123724918,46689.0,46689
46694.232,-0.807541963804,-2.289801602728,0.5088,0.455,0.607,28.0,0.5318766179887413,1986.7208608501776,46694.0,46694
46699.24,0.98749993024,-1.5025032098489999,0.4736,0.4259,0.65,26.0,0.0673870380762633,1986.7345722997766,46699.0,46699
46704.225999999995,0.229287476423,0.174999598812,0.4728,0.4478,0.546,23.0,0.22578547908800128,1986.7482235153716,46704.0,46704
46709.240999999995,-1.551660365422,1.197900019179,0.3783,0.3469,0.502,32.0,-0.5652919330323513,1986.7619541303354,46709.0,46709
46714.087,-0.566649890203,-0.023400008330999998,0.3812,0.3565,0.541,32.0,-0.5664947597643952,1986.7752220386335,46714.0,46714
46719.245,-0.231865462128,-1.947600020458,0.4658,0.3975,0.35100000000000003,52.0,0.0853149624260312,1986.7893441746223,46719.0,46719
46724.234000000004,0.430775499785,0.849999622687,0.4627,0.4008,0.564,33.0,0.2843046916292701,1986.8030036039452,46724.0,46724
46729.234000000004,0.980962119217,-0.527803183559,0.4397,0.3926,0.512,34.0,0.847468430344855,1986.81669315027,46729.0,46729
46734.242,0.010466012395,-1.9400003907319998,0.3682,0.3442,0.455,22.0,-0.003776903850403255,1986.8304045998689,46734.0,46734
46739.253,0.186404383028,-0.163000800057,0.3292,0.2886,0.599,55.0,0.18393354765713685,1986.8441242631957,46739.0,46739
46744.231,-0.022910464665,-0.23490002263300003,0.3774,0.3304,0.5760000000000001,24.0,-0.022281288675315564,1986.8577535755167,46744.0,46744
46749.232,0.383514433141,-0.883900798954,0.359,0.3307,0.574,29.0,0.2432017685741432,1986.8714458597508,46749.0,46749
46754.239,-0.004228281117,-0.313801183438,0.3997,0.3402,0.607,30.0,-0.004021801924904869,1986.8851545714406,46754.0,46754
46759.236,0.19573111515799999,-1.196701208528,0.6782,0.4998,0.368,30.0,0.07152609576993034,1986.8988359040375,46759.0,46759
46764.236,0.5609829445560001,-0.178902013204,0.3416,0.3163,0.584,33.0,0.552029472650613,1986.9125254503624,46764.0,46764
46769.24,-1.3580588959650002,0.039898810655,0.5208,0.3722,0.585,20.0,-1.3569780821307935,1986.9262259483244,46769.0,46769
46774.251,0.9856704461049999,1.4028983798649999,0.4693,0.3941,0.531,55.0,0.16471561035057902,1986.9399456116512,46774.0,46774
46779.263,1.676470015827,1.067198400051,0.3755,0.3283,0.532,29.0,0.8090307434282273,1986.9536680128872,46779.0,46779
46784.255999999994,0.861970620285,-0.343900779853,0.3696,0.3211,0.5429999999999999,32.0,0.8114993413061415,1986.967338393847,46784.0,46784
46787.499,-1.880117140571,-1.257300004909,0.3932,0.3478,0.5670000000000001,31.0,-0.5798026125969243,1986.9762174335933,46787.0,46787
46794.227,-0.461422826223,-1.060199991798,0.4038,0.361,0.522,22.0,-0.22549623151805925,1986.9946380871281,46794.0,46794
46799.234000000004,-0.548597485468,-1.441400394242,0.4067,0.3393,0.557,22.0,-0.07078835813726499,1987.008346798818,46799.0,46799
46804.238,0.057277266251,-0.230601585827,0.3821,0.322,0.49700000000000005,28.0,0.055761083790097636,1987.0220472967796,46804.0,46804
46809.231,-4.860368519889,-2.145700807432,0.8344,0.8188,0.38299999999999995,27.0,2.6428478817667784,1987.0357176777397,46809.0,46809
46814.235,2.515979943324,-1.472399981139,0.8082,0.8172,0.601,28.0,0.24716394753759632,1987.0494181757017,46814.0,46814
46819.217000000004,1.003663162176,0.236599220216,0.3903,0.3171,0.475,26.0,0.9757018398311179,1987.0630584396597,46819.0,46819
46824.22900000001,2.257394619737,0.44839800352700004,0.3267,0.2665,0.466,30.0,2.034234817713801,1987.0767808408957,46824.0,46824
46829.24,-2.432552823944,-0.7170012167990001,0.6375,0.5012,0.43799999999999994,14.0,-1.8336089317248645,1987.0905005042225,46829.0,46829
46834.273,0.420010144036,-1.733101214541,0.6518,0.5729,0.43200000000000005,29.0,-0.06787079558838006,1987.104280401553,46834.0,46834
46839.251,1.162299020608,0.849600019137,0.6082,0.6191,0.358,30.0,0.7674469709896115,1987.117909713874,46839.0,46839
46844.244000000006,0.760101708438,-0.21430082028900002,0.5507,0.4237,0.607,19.0,0.7427146278183496,1987.1315800948341,46844.0,46844
46849.240999999995,0.017663098823,-1.558702786042,0.3996,0.3231,0.584,25.0,0.0002136041986144893,1987.145261427431,46849.0,46849
46854.237,-1.12220480741,-1.9090008038350001,0.4406,0.3588,0.552,25.0,0.3723406174467457,1987.158940022119,46854.0,46854
46859.245,2.059235211006,1.123199990616,0.5112,0.4229,0.54,17.0,0.8912368089365054,1987.172651471718,46859.0,46859
46864.238,0.520769272209,0.605797191611,0.3351,0.2764,0.633,31.0,0.428097559470673,1987.1863218526778,46864.0,46864
46869.231,0.767868803195,-0.128300416691,0.3018,0.248,0.626,32.0,0.7615575248163416,1987.1999922336379,46869.0,46869
46874.239,-0.230875873995,-2.473502388511,0.3373,0.2836,0.5529999999999999,34.0,0.18123898200064298,1987.2137036832369,46874.0,46874
46879.25,0.19303219752,-1.875700797882,0.3793,0.3734,0.498,23.0,-0.057948662159846065,1987.2274233465635,46879.0,46879
46884.239,1.23121107611,-1.070503225264,0.9324,0.7157,0.315,24.0,0.590590701028764,1987.2410827758865,46884.0,46884
46889.247,-1.157440265196,-1.8650015931600001,0.3462,0.3494,0.41200000000000003,29.0,0.3356337821814941,1987.2547942254855,46889.0,46889
46894.242999999995,-1.4940239853330002,-1.034301578784,0.272,0.2406,0.645,55.0,-0.7636350327266409,1987.2684728201732,46894.0,46894
46899.247,0.765649931327,-2.9904012194489997,0.4223,0.3718,0.573,24.0,-0.7569156499557641,1987.2821733181352,46899.0,46899
46903.51,0.737311439313,0.976096822569,0.5367,0.4509,0.509,31.0,0.4130860141412946,1987.2938450253316,46903.0,46903
46909.237,-0.62770488839,-2.4880032242440002,0.38,0.3293,0.617,32.0,0.49833892883287656,1987.3095250316921,46909.0,46909
46914.237,0.562572037609,-0.582299981033,1.0696,1.0038,0.435,12.0,0.4698601624130821,1987.323214578017,46914.0,46914
46915.263,3.66346451579,-9.600300023749,0.7391,0.8388,-0.38299999999999995,5.0,-3.607177249316482,1987.326023672923,46915.0,46915
46919.225999999995,0.051939160548,-1.108702787178,0.3589,0.3278,0.5529999999999999,51.0,0.023155675183213785,1987.33687400734,46919.0,46919
46924.21599999999,0.282125567065,-0.79530120729,0.3856,0.3521,0.664,25.0,0.19750756486544127,1987.3505361745722,46924.0,46924
46929.274000000005,-2.2224880428060003,-1.0555020026000002,0.3646,0.3416,0.557,27.0,-1.09522205154908,1987.3643845196343,46929.0,46929
46934.255999999994,-1.212977968958,0.07929718322,0.3867,0.3724,0.47,27.0,-1.209166337919386,1987.3780247835923,46934.0,46934
46939.249,0.788860516648,1.446397203608,0.4151,0.3835,0.599,23.0,0.09788064723944215,1987.3916951645524,46939.0,46939
46944.235,1.234629694209,2.8173995872289996,0.42,0.3928,0.539,18.0,-1.1703154615410711,1987.4053463801474,46944.0,46944
46945.291,0.973015794826,1.209499214383,0.3651,0.3842,0.111,21.0,0.3439493099508361,1987.4082376123313,46945.0,46945
46949.242999999995,-1.394643833026,0.156697183229,0.3691,0.3527,0.532,23.0,-1.3775567915558413,1987.4190578297464,46949.0,46949
46952.512,-3.4253901234939996,-3.0522024076160004,0.3781,0.3488,0.578,27.0,3.4117137453318307,1987.4280080551337,46952.0,46952
46959.232,-0.840108736935,0.31169880117,0.3898,0.372,0.531,25.0,-0.7996272254002935,1987.4464068053942,46959.0,46959
46964.233,-3.0193552679900004,-1.734800412123,0.4458,0.4384,0.5660000000000001,26.0,0.492969715468865,1987.4600990896283,46964.0,46964
46969.24,0.48682278681999996,-0.425502014423,0.3863,0.3379,0.617,44.0,0.44341359106955575,1987.4738078013181,46969.0,46969
46974.233,-1.378600796631,-0.23390277874600002,0.4394,0.352,0.535,32.0,-1.341060443896815,1987.487478182278,46974.0,46974
46975.280999999995,0.944436911731,0.380397614208,0.4624,0.4679,-0.139,15.0,0.8769258025067218,1987.4903475111878,46975.0,46975
46979.240999999995,4.290240282013,1.345197591718,0.6975,0.7322,0.545,13.0,0.9596837008054855,1987.501189631877,46979.0,46979
46984.237,-0.697186952221,-0.421603181167,0.2941,0.3474,0.555,29.0,-0.6361371167282,1987.5148682265649,46984.0,46984
46989.238,0.9098909214219999,-1.149202819306,0.3215,0.3836,0.496,27.0,0.3723409668252602,1987.5285605107988,46989.0,46989
46994.238,3.265435714252,-5.700002390086,0.941,0.8738,0.085,28.0,2.7257052366688894,1987.5422500571237,46994.0,46994
46998.212,-3.2455235514889997,-2.290903211133,0.3731,0.3466,0.05,20.0,2.140309268276541,1987.5531305085428,46998.0,46998
46999.234000000004,0.444629897295,0.057297603461999996,0.8183,0.8878,0.413,21.0,0.443900233560823,1987.5559286518114,46999.0,46999
47004.253,-0.025639574375999997,0.033098388029999995,0.8464,0.6744,0.447,33.0,-0.025625531539024145,1987.5696702184123,47004.0,47004
47009.25,-1.8417926819330002,-1.711800007342,0.7638,0.7045,0.522,29.0,0.2588398426623797,1987.5833515510094,47009.0,47009
47010.922,3.1072496276959995,-2.384301626535,2.5455,2.1771,-0.595,6.0,-2.2580371187173967,1987.5879293353005,47010.0,47010
47014.239,2.3247772708500003,-4.00040279942,0.771,0.6838,0.442,28.0,-1.5188670255777263,1987.5970109803325,47014.0,47014
47019.242999999995,4.406322705209,-2.000901588417,1.0192,0.8722,0.299,21.0,-1.8372888651776165,1987.6107114782942,47019.0,47019
47023.246,-0.756113041099,-0.807400789427,1.9484,1.5243,-0.275,9.0,-0.5227604337340125,1987.621671329082,47023.0,47023
47024.232,3.162997530468,0.810997221379,0.7278,0.6571,0.42100000000000004,25.0,2.178596203727665,1987.6243709076173,47024.0,47024
47029.236,1.446583729966,-0.529300814378,0.8518,0.6841,0.43799999999999994,30.0,1.2486336770484916,1987.638071405579,47029.0,47029
47034.236,-1.971160189793,-0.947901622794,0.3261,0.2856,0.5539999999999999,43.0,-1.1499525020374177,1987.651760951904,47034.0,47034
47035.292,2.3547048968279998,0.698896786844,0.4632,0.4324,-0.17300000000000001,16.0,1.8026500583638634,1987.6546521840878,47035.0,47035
47039.233,-0.240232061805,1.5175980024649998,0.3712,0.3418,0.55,31.0,-0.012773915986640818,1987.665442284501,47039.0,47039
47044.240999999995,-2.051527845824,-1.070999979902,0.362,0.3283,0.574,29.0,-0.9831881680399529,1987.6791537341,47044.0,47044
47049.237,-0.903653231055,0.926099977505,0.3837,0.3465,0.525,31.0,-0.5430556174889734,1987.6928323287877,47049.0,47049
47054.234000000004,1.8418531479,1.146099612015,0.2818,0.255,0.58,56.0,0.7589253824140751,1987.7065136613849,47054.0,47054
47059.23,1.964173302374,-2.055200400264,0.7779,0.6103,0.324,31.0,-0.9146783357697422,1987.7201922560726,47059.0,47059
47064.234000000004,0.180077425585,0.391197602312,0.5026,0.3911,0.5,19.0,0.16647313111044115,1987.7338927540345,47064.0,47064
47065.294,-1.814563973594,0.877597182125,0.5147,0.6175,0.248,16.0,-1.1595086441846845,1987.7367949378554,47065.0,47065
47069.231,2.026967822139,1.793296775077,0.7769,0.6268,0.418,33.0,-0.44728920441823883,1987.7475740866316,47069.0,47069
47074.231,1.444004271477,0.264499180958,1.3437,0.6715,0.257,17.0,1.3937869276753638,1987.7612636329563,47074.0,47074
47079.261,0.397309101078,0.28539720346999997,0.4722,0.4443,0.44299999999999995,22.0,0.38123790830458276,1987.775035316559,47079.0,47079
47084.235,-1.82766839675,-2.9213028028609997,0.2472,0.2219,0.611,63.0,1.7835012443234792,1987.788653677243,47084.0,47084
47089.236,-0.775365232976,-1.79700120384,0.3278,0.3123,0.583,33.0,0.17389946259316316,1987.8023459614772,47089.0,47089
47090.306,-3.9607629493550003,0.40950001789499996,0.3487,0.3024,0.122,23.0,-3.633287091307533,1987.8052755243907,47090.0,47090
47094.236,0.589411399128,0.498898816659,0.3375,0.2994,0.573,32.0,0.5175680231294414,1987.816035507802,47094.0,47094
47098.356,7.2959808480929995,0.870598773872,2.7128,3.7073,-0.16899999999999998,6.0,4.701302215793502,1987.8273156939738,47098.0,47098
47099.24,-0.91732766254,-0.188600392903,0.3208,0.2912,0.54,24.0,-0.9010612428331464,1987.829736005764,47099.0,47099
47104.251,-0.273039226017,-0.8113032038179999,0.2642,0.2512,0.6629999999999999,68.0,-0.18800223864559976,1987.8434556690906,47104.0,47104
47109.255,1.505569548419,1.447397977472,0.4193,0.4181,0.726,22.0,0.18531366033592828,1987.8571561670526,47109.0,47109
47114.255,0.36318269057400004,-0.04590002618,0.307,0.2798,0.58,26.0,0.3628001788391935,1987.8708457133775,47114.0,47114
47119.248,-0.48643270360699997,0.41289841306,0.4086,0.4473,0.607,26.0,-0.44555369581763254,1987.8845160943374,47119.0,47119
47124.240999999995,0.208505921067,-2.062400426439,0.833,0.5809,0.623,35.0,-0.0984232667346606,1987.8981864752975,47124.0,47124
47129.242,-0.574566677091,0.161596790349,0.3141,0.3069,0.609,39.0,-0.5670810081792176,1987.9118787595316,47129.0,47129
47130.293,-2.251156888459,1.789696813148,0.4602,0.4324,0.037000000000000005,17.0,0.48885330317223724,1987.914756302169,47130.0,47130
47134.245,0.938379882871,1.161597589316,0.3322,0.3084,0.64,35.0,0.3733572817863245,1987.9255765195842,47134.0,47134
47139.253,0.168112282694,0.223999199989,0.3094,0.2678,0.536,108.0,0.16391231734694475,1987.9392879691832,47139.0,47139
47144.253,-0.724625818659,-1.4693004061430002,0.3041,0.2678,0.579,33.0,-0.07342035725092029,1987.9529775155079,47144.0,47144
47149.242999999995,-0.201968069133,-0.43280282398000003,0.6459,0.6268,0.263,7.0,-0.1833453539665386,1987.9666396827402,47149.0,47149
47150.276,1.8821870157879999,0.135997197503,0.4278,0.4547,-0.011000000000000001,18.0,1.8648080780551857,1987.9694679430108,47150.0,47150
47152.482,1.018476873926,-0.523400382235,0.6917,0.5788,0.439,33.0,0.8821278581541885,1987.9755077708494,47152.0,47152
47159.239,0.765829856443,1.866697209607,0.3704,0.3146,0.49200000000000005,32.0,-0.2233172870010395,1987.9940078237528,47159.0,47159
47164.251,-1.171234933132,-1.693602007435,0.3399,0.3085,0.5529999999999999,31.0,0.14347304251398238,1988.0077302249888,47164.0,47164
47165.332,0.8050237076729999,-0.149702407271,0.3825,0.4687,-0.413,33.0,0.7960199247267812,1988.0106899049042,47165.0,47165
47169.24,-0.122530271662,0.020397584422,0.542,0.4723,0.5379999999999999,21.0,-0.12250478248450997,1988.0213896543119,47169.0,47169
47174.251,-0.45611499441500003,-0.24180117748100002,0.4585,0.3894,0.429,30.0,-0.44284581323343675,1988.0351093176384,47174.0,47174
47177.91099999999,-0.560142312163,-1.213300794234,1.619,1.5401,-0.8340000000000001,3.0,-0.19601015555596063,1988.0451300655484,47177.0,47177
47179.233,0.351427705781,0.185997623703,0.3688,0.3347,0.602,33.0,0.3453663693078887,1988.0487495815967,47179.0,47179
47180.252,-2.020789820435,3.371896809767,0.4124,0.4185,0.11199999999999999,14.0,1.9674349253912193,1988.0515395111377,47180.0,47180
47184.248,-0.0072265830189999995,-0.017600410729,0.3046,0.2674,0.591,33.0,-0.007225463742475719,1988.0624801965605,47184.0,47184
47189.23,-1.360907505735,-0.840301191829,0.5112,0.5574,0.452,10.0,-0.9080499033783366,1988.0761204605185,47189.0,47189
47194.255999999994,-1.15974909962,-0.451303225191,0.3657,0.3103,0.575,63.0,-1.0436344164809628,1988.0898811924842,47194.0,47194
47199.231,0.186194961322,-0.34330319067500004,0.4326,0.3545,0.563,30.0,0.17533010416037104,1988.1035022910773,47199.0,47199
47204.249,-0.5237970297919999,-0.750402006133,0.405,0.3574,0.518,34.0,-0.38311289286940803,1988.117241119769,47204.0,47204
47207.33900000001,-0.570098741285,-2.977901982604,1.7218,1.4938,0.255,4.0,0.5624779863237678,1988.1257012593978,47207.0,47207
47209.253,-1.000034345068,-2.587201186088,0.3304,0.2962,0.585,33.0,0.8502501459050215,1988.130941617731,47209.0,47209
47212.416,-0.8908186546610001,-0.29249997624,2.23,1.9719,-0.034,12.0,-0.8529820302808114,1988.139601624736,47212.0,47212
47214.25,-0.358144705528,-0.451501210819,0.3624,0.3092,0.607,32.0,-0.3222561394891296,1988.144622950328,47214.0,47214
47215.297999999995,0.44609953119999995,1.261299621547,0.4326,0.4077,-0.21100000000000002,16.0,0.13587267997183208,1988.1474922792377,47215.0,47215
47219.235,-0.12073102051000001,-1.9242000121270002,0.3328,0.3043,0.621,33.0,0.04178417848591646,1988.158271428014,47219.0,47219
47224.239,0.267371543979,-0.180899979796,0.4148,0.3427,0.616,30.0,0.2630086209443798,1988.1719719259759,47224.0,47224
47229.251,1.3241131469679999,0.497700006008,0.3049,0.28,0.643,58.0,1.1634756005407627,1988.1856943272119,47229.0,47229
47234.244000000006,-0.319430204587,-0.856900777535,0.5791,0.5574,0.278,10.0,-0.20915748480758425,1988.1993647081717,47234.0,47234
47235.295999999995,1.368105328556,2.460099580048,0.4333,0.3624,0.125,16.0,-1.0625157704816823,1988.2022449887186,47235.0,47235
47239.258,0.393890482979,0.301499983379,0.3879,0.3808,0.39399999999999996,21.0,0.3761229258882171,1988.2130925852264,47239.0,47239
47244.244000000006,1.038209111574,0.251899211889,0.2967,0.2683,0.53,31.0,1.0054440646735399,1988.2267438008214,47244.0,47244
47249.263,-1.253281644774,-0.9524016263639999,0.3,0.2742,0.581,32.0,-0.7265623281413215,1988.2404853674223,47249.0,47249
47253.511,2.047659455847,2.943298801483,0.2925,0.2641,0.5539999999999999,32.0,-2.0075337473746306,1988.25211600598,47253.0,47253
47259.234000000004,2.1606838475670003,-0.440100001242,0.734,0.6345,0.4,32.0,1.9547902618089936,1988.2677850607033,47259.0,47259
47264.249,-0.44441973919699995,-0.613101582303,0.3196,0.2939,0.508,68.0,-0.3634763644712608,1988.2815156756672,47264.0,47264
47269.235,1.070955850731,0.9883980226279999,0.349,0.336,0.569,29.0,0.5890561872910303,1988.2951668912624,47269.0,47269
47270.279,-3.778737275967,5.631299995912,0.3213,0.3352,0.021,20.0,-3.0038747747401984,1988.298025268535,47270.0,47270
47274.253,-0.419919404176,-0.9559008049109999,0.3163,0.342,0.541,32.0,-0.24224024378832498,1988.3089057199538,47274.0,47274
47274.253,-0.425107081354,0.843796789241,0.6453,0.8942,-0.245,13.0,-0.2825392462652868,1988.3089057199538,47274.0,47274
47278.255999999994,0.9654588990790001,-1.560801587175,0.8681,0.8424,-0.332,14.0,0.009649349654792999,1988.3198655707415,47278.0,47278
47279.246,0.557564326457,-0.28900079769299997,0.4498,0.4984,0.45,21.0,0.5344416438682206,1988.322576100914,47279.0,47279
47279.337,-3.239345549785,-1.558101615728,1.4955,1.3552,-0.006,15.0,-0.04112145128695486,1988.322825250657,47279.0,47279
47280.09,-4.542437486709,2.189296782262,3.08,3.5402,-0.6779999999999999,4.0,2.6337691248128743,1988.3248868963335,47280.0,47280
47284.242999999995,1.060669763451,0.326199585743,0.24,0.2189,0.424,69.0,1.0047374716054684,1988.336257433511,47284.0,47284
47285.178,0.235524471308,0.620697579734,1.1505,1.8514,0.193,14.0,0.19159278419198217,1988.3388173786736,47285.0,47285
47288.249,0.9495648593350001,-2.405602782574,2.1912,2.5658,0.08199999999999999,4.0,-0.7037857537931255,1988.3472254980263,47288.0,47288
47289.242999999995,-0.981471661579,-0.631400416751,0.2969,0.2694,0.64,58.0,-0.7922455623759665,1988.3499469798357,47289.0,47289
47294.269,-0.332084814955,-1.147701607351,0.2713,0.2551,0.6,68.0,-0.13634879469414385,1988.3637077118015,47294.0,47294
47299.262,-4.693006170639,0.17829721059599998,0.7716,0.6162,0.485,41.0,-4.6186084881034075,1988.3773780927615,47299.0,47299
47300.208,-0.9982645905069999,1.39159800483,0.356,0.4229,-0.069,22.0,-0.17793146934259568,1988.3799681549262,47300.0,47300
47302.527,1.854928074465,2.203099194276,0.3307,0.3078,0.631,31.0,-1.0962698642259947,1988.3863173665115,47302.0,47302
47303.995,-2.2038360513310002,7.717597185319001,4.8614,4.6535,-0.32299999999999995,3.0,-0.2996380312607014,1988.3903366173126,47303.0,47303
47309.251,0.38234491989299996,0.244699185714,0.3123,0.3045,0.5770000000000001,29.0,0.37095495858959754,1988.4047270684093,47309.0,47309
47314.244000000006,1.716053950271,0.688298416662,0.2562,0.2656,0.457,24.0,1.3253565479280904,1988.4183974493692,47314.0,47314
47318.017,-8.300782554142,4.017798011091,2.2746,1.8134,-0.573,8.0,5.313092086290077,1988.428727581026,47318.0,47318
47319.240999999995,-0.041923001852,0.761997620202,0.2926,0.3223,0.368,26.0,-0.03032954625148772,1988.4320787819663,47319.0,47319
47324.245,-1.197204124755,-1.249700426342,0.2579,0.271,0.46,27.0,-0.37784557005350455,1988.4457792799283,47324.0,47324
47329.234000000004,-1.4817889547690002,0.539697617796,0.2331,0.2685,0.382,40.0,-1.2711735595174039,1988.4594387092511,47329.0,47329
47334.253,0.20757606250799998,1.512097173872,0.3799,0.3502,0.322,21.0,0.012177543086223154,1988.473180275852,47334.0,47334
47335.294,-0.252977371123,0.709696774948,0.44,0.359,-0.078,24.0,-0.19189838649404284,1988.476030439397,47335.0,47335
47336.085999999996,-1.395244033427,-2.6884007979790003,4.8348,2.4692,-0.5720000000000001,7.0,1.2543999673715542,1988.4781988635348,47336.0,47336
47339.238,0.668399383811,-2.397502817075,0.5524,0.4467,0.397,26.0,-0.49174454342244694,1988.4868287535378,47339.0,47339
47342.916,-4.8757522808789995,-33.537801579087,14.6774,23.8985,0.8340000000000001,4.0,2.5529758637163207,1988.4968987838145,47342.0,47342
47344.246,-0.757732408047,-1.515301215704,0.8482,0.7739,0.294,24.0,-0.042028863641399024,1988.5005402031368,47344.0,47344
47348.994000000006,8.889984531563,7.571296805509,14.0289,15.7903,-0.636,3.0,2.4797271101977594,1988.513539796327,47348.0,47348
47349.239,-0.152008084852,0.926398797674,0.6282,0.5167,0.38,23.0,-0.09131382476166723,1988.5142105840969,47349.0,47349
47354.239,-0.5605323953760001,1.4610996061039998,0.9139,0.7448,0.078,16.0,-0.06136532067416815,1988.5279001304216,47354.0,47354
47359.25,1.853518170135,-0.8122031943000001,1.002,0.9503,-0.255,13.0,1.27503703136145,1988.5416197937484,47359.0,47359
47360.92,12.715412865845,5.276599176796,7.9296,3.0968,0.617,4.0,6.799549101018112,1988.5461921022209,47360.0,47360
47363.473,1.20068320882,-1.6948008180860001,4.2491,3.9183,0.49200000000000005,26.0,-0.14850882042297503,1988.5531819845744,47363.0,47363
47364.242999999995,2.038153534995,2.476800000295,0.4988,0.5378,0.44799999999999995,6.0,-1.6041179647945056,1988.5552901747085,47364.0,47364
47368.282999999996,0.598767627848,-0.139500008345,0.5583,0.4274,0.203,21.0,0.5929509852490711,1988.5663513281388,47368.0,47368
47369.247,-2.063972339004,2.560597187085,0.7645,0.9116,0.133,19.0,1.7253089384302263,1988.5689906726705,47369.0,47369
47374.251,1.452820724852,-0.24560280849100002,0.8318,0.6319,0.055,11.0,1.4092229314066917,1988.5826911706322,47374.0,47374
47379.240999999995,-0.093801696434,-0.8710020097169999,0.328,0.3095,0.24600000000000002,40.0,-0.0604139542459292,1988.5963533378645,47379.0,47379
47384.244000000006,-1.109189610419,1.1485980166979999,0.2989,0.3219,0.426,20.0,-0.454508987205316,1988.610051097917,47384.0,47384
47389.237,2.166261567048,-0.041900409542,0.3429,0.2858,0.318,15.0,2.164360252834031,1988.623721478877,47389.0,47389
47394.249,-1.5124665141909999,-1.281600003722,0.2038,0.199,0.35100000000000003,45.0,-0.43132824714887613,1988.637443880113,47394.0,47394
47395.918,-1.29562422643,2.284397976382,0.5009,0.7215,0.054000000000000006,17.0,0.8480649481877803,1988.6420134506764,47395.0,47395
47399.249,0.5806244832540001,-1.056301209701,0.268,0.2638,0.33799999999999997,17.0,0.2857226317398885,1988.651133426438,47399.0,47399
47403.157,-0.294330364646,-0.8004023811740001,1.1801,1.3918,0.12,12.0,-0.2049769645826648,1988.6618331758455,47403.0,47403
47404.26,0.466071423537,-2.896603200497,0.2173,0.2324,0.39399999999999996,38.0,-0.4521544763640195,1988.6648530897646,47404.0,47404
47409.249,2.111563759287,0.728899181013,0.3783,0.3892,0.40700000000000003,17.0,1.5750324134266753,1988.6785125190877,47409.0,47409
47414.242,1.550641280697,0.551699997686,0.3431,0.3203,0.316,19.0,1.3205799583550553,1988.6921829000476,47414.0,47414
47415.251,3.4237117633639995,0.7421975738,2.3558,2.5315,-0.11900000000000001,4.0,2.5232241431215874,1988.6949454504959,47415.0,47415
47419.254,0.9706465353460001,0.27569882377099997,0.2584,0.2789,0.41700000000000004,24.0,0.9339902622786251,1988.7059053012836,47419.0,47419
47423.005,-0.183315382177,-1.8626003907229998,6.6334,8.1144,0.5539999999999999,11.0,0.05273625934329686,1988.7161751989365,47423.0,47423
47424.254,-0.269320528173,1.035197988131,0.22,0.2864,0.39799999999999996,37.0,-0.13744926132502264,1988.7195948476085,47424.0,47424
47425.335,0.465231527536,1.193997604787,0.3987,0.3218,0.08900000000000001,21.0,0.1711799215462512,1988.722554527524,47425.0,47425
47426.077000000005,-17.608317230401003,-2.474902817085,12.5062,22.879,-0.22899999999999998,8.0,13.837899907714586,1988.7245860561986,47426.0,47426
47429.236,-1.136088701512,0.032497217716999996,0.267,0.2733,0.359,24.0,-1.1354888601843074,1988.7332351115665,47429.0,47429
47432.920999999995,-5.808913558107,2.136297615607,6.5426,10.1941,0.524,11.0,3.1126431961508843,1988.743324307208,47432.0,47432
47434.244000000006,0.08171709439399999,1.3065983750949999,0.2783,0.2698,0.40700000000000003,21.0,0.021339204328644768,1988.7469465611655,47434.0,47434
47439.247,0.117102980705,0.372999602405,0.2761,0.2808,0.424,19.0,0.10905079828371445,1988.7606443212183,47439.0,47439
47440.917,-5.892039820439,-0.229003222785,3.8717,3.1098,-0.16899999999999998,9.0,-5.738217244624185,1988.7652166296907,47440.0,47440
47444.251,1.42994049317,0.060098409448999995,0.7423,0.6195,0.109,24.0,1.4273589273315412,1988.77434481918,47444.0,47444
47448.16,9.452076523401999,3.615199199203,3.9742,5.7328,0.5,7.0,-8.411678315673297,1988.7850473064968,47448.0,47448
47449.252,-4.360531272469999,-2.603102399235,2.6958,2.5879,0.518,3.0,3.7434459719716044,1988.7880371034141,47449.0,47449
47454.197,1.479300195229,-0.863600416778,0.7067,0.9677,0.597,16.0,0.9611082839466453,1988.8015760647295,47454.0,47454
47459.249,2.0945304392770003,-0.2959020037,0.6507,0.4412,0.395,25.0,2.0035011089731265,1988.815407982336,47459.0,47459
47459.252,-0.366990655494,-4.94720281381,2.1767,2.8157,-0.14,4.0,-0.08538475486520068,1988.8154161960638,47459.0,47459
47463.179000000004,2.385532884774,-2.62380238496,2.6967,3.6651,-0.111,3.0,-2.072825382123534,1988.8261679657473,47463.0,47463
47464.255999999994,0.12403017946,0.29779918691,0.39,0.3173,0.307,24.0,0.11857093650270903,1988.8291166940257,47464.0,47464
47465.015999999996,-5.849096997471,-6.226502398476,4.5441,7.8788,0.348,11.0,-5.839703078704481,1988.8311975050672,47465.0,47465
47469.238,0.202718002577,-0.175201216734,0.4527,0.3677,0.34700000000000003,22.0,0.1996146910950317,1988.8427569579837,47469.0,47469
47470.337999999996,0.489491471475,-2.5920000098269997,0.2817,0.2411,0.076,19.0,-0.4174076706215979,1988.8457686581753,47470.0,47470
47473.497,-10.680167670195,-3.253402820746,1.9146,0.8744,0.29,4.0,10.613478060353357,1988.8544177135434,47473.0,47473
47474.249,-2.774863955693,-0.69790322641,0.2293,0.2288,0.315,42.0,-2.126076576109086,1988.8564766213105,47474.0,47474
47475.33,0.417520648104,-1.086400806116,0.1902,0.2797,0.126,41.0,0.19442830427775876,1988.859436301226,47475.0,47475
47479.246,0.017003127937,-1.809802790831,0.4331,0.498,0.096,16.0,-0.00402527715076499,1988.8701579539077,47479.0,47479
47484.246,0.229676864155,1.181498419101,0.4505,0.3767,0.387,25.0,0.08717131584642307,1988.8838475002324,47484.0,47484
47489.254,-1.3705638142019998,-1.609102815792,0.4096,0.3759,0.47200000000000003,29.0,0.052488648609636916,1988.8975589498314,47489.0,47489
47494.236,-0.272528988174,0.46219678324600005,0.3186,0.3178,0.434,46.0,-0.24393390546616803,1988.9111992137896,47494.0,47494
47499.254,0.39392071596199996,-0.5240016037080001,0.5917,0.6713,0.35700000000000004,21.0,0.3410659782545902,1988.924938042481,47499.0,47499
47502.920999999995,-1.349422408616,0.13039921782400002,1.4413,0.966,0.124,8.0,-1.3379658966258738,1988.9349779557558,47502.0,47502
47504.265999999996,-0.35043738125600005,-0.596602779979,0.7171,0.5735,0.455,24.0,-0.2898989953885727,1988.938660443717,47504.0,47504
47509.255,0.549497111044,0.49479841663900004,0.3104,0.2872,0.254,12.0,0.48359287304560267,1988.95231987304,47509.0,47509
47510.84,-5.0274905189679995,-0.467301589424,5.9916,2.476,0.21600000000000003,11.0,-4.488478750664464,1988.956659459225,47510.0,47510
47512.640999999996,-4.088031821797999,-0.194399990505,5.0738,4.8302,0.8140000000000001,21.0,-4.0110286516461295,1988.9615904338111,47512.0,47512
47514.240999999995,-0.185384561912,-1.107702013314,0.1957,0.2213,0.303,25.0,-0.08281474021105188,1988.9659710886351,47514.0,47514
47515.267,-0.277597165292,1.54729799533,0.7847,0.8334,0.225,17.0,-0.006522469911322015,1988.968780183541,47515.0,47515
47518.525,0.577115902598,0.061599621404,0.2029,0.2091,0.425,26.0,0.5760213117831273,1988.9777002919263,47518.0,47518
47524.237,-1.045375965019,-1.415102377678,0.2295,0.2475,0.37799999999999995,26.0,-0.16210194719978566,1988.9933392296477,47524.0,47524
47529.255999999994,-0.046870983430000006,-0.116200783395,0.1991,0.2094,0.358,25.0,-0.04655489874712746,1989.0070807962486,47529.0,47529
47534.242,0.6980571221170001,-0.535600798912,0.2554,0.2663,0.377,21.0,0.6003027119983456,1989.0207320118438,47534.0,47534
47539.253,0.419740215453,1.294398009577,0.2322,0.2309,0.301,24.0,0.11454393440094249,1989.0344516751707,47539.0,47539
47544.257000000005,-0.549796495308,-0.930103226437,0.1671,0.1672,0.371,42.0,-0.32864153172247007,1989.0481521731326,47544.0,47544
47549.242,-2.7303622726550003,-1.597302002665,0.402,0.3627,0.299,25.0,0.07236162375900135,1989.0618006508184,47549.0,47549
47550.272000000004,-2.177146422855,1.06789682377,0.3462,0.4259,-0.025,22.0,-1.0493150661483372,1989.0646206973613,47550.0,47550
47553.672999999995,9.485962542824,-20.780100021511,1.5017,1.4117,0.049,6.0,-3.339420835355215,1989.0739323267715,47553.0,47553
47554.246,-2.6374896983880003,-1.5628031860620002,0.4453,0.5048,0.195,21.0,-0.02108160185413302,1989.0755011487802,47554.0,47554
47559.247,2.043461366803,0.945399585817,0.7585,0.6925,0.475,18.0,1.1962810469230645,1989.0891934330143,47559.0,47559
47564.232,0.195040911288,-0.312800409574,0.4547,0.3913,0.289,27.0,0.18557665787972172,1989.1028419107004,47564.0,47564
47568.1,0.002849346162,-0.19180080244,0.4604,0.3924,-0.20600000000000002,18.0,0.002797096406334187,1989.113432143737,47568.0,47568
47569.255,1.455789530163,-2.348600418145,0.4273,0.3832,0.335,27.0,-1.0215517138602692,1989.1165944289382,47569.0,47569
47574.244000000006,0.11227445827600001,0.018197999907,0.3983,0.3893,0.255,25.0,0.11225586798002593,1989.130253858261,47574.0,47574
47579.255,2.1416115808050002,-0.305802001321,0.2479,0.2938,0.335,45.0,2.042253246883385,1989.143973521588,47579.0,47579
47584.106,-5.376998737146,0.181098016583,1.1318,0.7399,0.027999999999999997,8.0,-5.289066108239312,1989.1572551194322,47584.0,47584
47585.27099999999,0.9939168502410001,0.798897588083,0.2597,0.2533,-0.40399999999999997,21.0,0.6932541283695365,1989.160444783726,47585.0,47585
47589.237,-2.285822337917,-1.197900019179,0.4156,0.3396,0.33,27.0,-0.832757578117429,1989.1713033318708,47589.0,47589
47594.249,-1.120165165176,-2.122502417023,0.4458,0.4037,0.32899999999999996,22.0,0.5871244352629532,1989.1850257331068,47594.0,47594
47599.253,-1.8405332061269999,1.323298795342,0.2637,0.2933,0.32899999999999996,38.0,-0.4508910902839998,1989.1987262310688,47599.0,47599
47604.242,2.239702024323,-0.484902000153,1.0384,0.5404,0.47700000000000004,23.0,1.981510593156632,1989.2123856603916,47604.0,47604
47609.249,-0.885570552427,-0.15690238228700001,0.4294,0.3715,0.18,27.0,-0.8746922508289474,1989.2260943720814,47609.0,47609
47614.242,-0.039583934444,0.55989721659,0.7002,0.4242,0.39399999999999996,25.0,-0.03353985176370787,1989.2397647530413,47614.0,47614
47617.274000000005,-0.25837520639899997,0.9000971999740001,0.2142,0.2234,-0.053,21.0,-0.1605889305713103,1989.2480660939327,47617.0,47617
47619.254,1.5357073324950001,1.277999990634,0.5201,0.3557,0.38799999999999996,22.0,0.4432522449208554,1989.2534871542773,47619.0,47619
47624.242999999995,-0.018682183548,-0.37300318354,0.376,0.3958,-0.085,21.0,-0.017397543276078457,1989.2671465836002,47624.0,47624
47629.247,0.246800146722,0.7867980059469999,0.2052,0.1995,0.467,27.0,0.17426959423649668,1989.2808470815621,47629.0,47629
47634.251,-0.460613163205,-0.476801983496,0.2137,0.2223,0.423,27.0,-0.4092396698486773,1989.294547579524,47634.0,47634
47635.277,0.21162441851,-1.014001196609,0.2371,0.2572,0.204,22.0,0.11183676119568046,1989.29735667443,47635.0,47635
47639.24,1.2263228241069999,0.9381996108,0.2699,0.2674,0.45799999999999996,19.0,0.7250523172225509,1989.308207008847,47639.0,47639
47644.244000000006,-0.094551629878,-0.053999991678,0.1806,0.1783,0.27399999999999997,41.0,-0.09441380713992681,1989.3219075068089,47644.0,47644
47649.225999999995,-1.083400303001,2.3589000193169998,0.3323,0.2962,0.21899999999999997,22.0,0.7681495455987772,1989.3355477707669,47649.0,47649
47649.252,-11.311801455439,17.75189879254,0.9,1.2874,-0.37799999999999995,10.0,-5.154594021900501,1989.3356189564079,47649.0,47649
47654.248,0.372779269465,-1.6882020133829998,0.2283,0.2363,0.47200000000000003,22.0,-0.04366592863358445,1989.3492975510956,47654.0,47654
47654.263,-0.693198325794,-3.415903182713,4.8719,4.6949,0.1,4.0,0.6672811602742915,1989.3493386197347,47654.0,47654
47659.245,-0.495038957973,-0.764002800224,0.2042,0.2198,0.439,27.0,-0.35745406569679605,1989.3629788836927,47659.0,47659
47659.248,23.808453282313,10.630699188141,0.6753,0.5156,-0.256,18.0,-8.495632741363991,1989.3629870974205,47659.0,47659
47660.34099999999,18.806691645706998,-42.355601982536,0.8412,0.8608,-0.32899999999999996,10.0,-1.050724868537479,1989.365979632247,47660.0,47660
47664.234000000004,-1.902307904776,-3.362900383763,0.6311,0.4044,-0.28600000000000003,18.0,1.8559129538275814,1989.3766383130157,47664.0,47664
47664.245,2.745416416397,2.33279998838,0.2264,0.2399,0.433,24.0,-1.8953596855669288,1989.3766684300176,47664.0,47664
47669.242,0.478816037374,0.35609761539499996,0.2335,0.2405,0.434,26.0,0.44877722767506023,1989.3903497626145,47669.0,47669
47670.275,0.637061853503,0.71029799642,0.3547,0.3535,0.293,24.0,0.48299965536960926,1989.3931780228854,47670.0,47670
47674.242,-0.219090656219,0.928598382188,0.2425,0.2506,0.473,27.0,-0.13122587329830826,1989.4040393089394,47674.0,47674
47679.246,-1.106850543011,-0.430902008475,0.2238,0.2191,0.41100000000000003,39.0,-1.0056726253312498,1989.4177398069014,47679.0,47679
47682.35400000001,18.198418833397998,27.677498411549,1.5108,1.5967,0.584,3.0,-15.052245375409157,1989.426249228897,47682.0,47682
47684.242999999995,1.8942716587380002,-2.858302804043,0.2654,0.2615,0.41600000000000004,25.0,-1.8187680185148913,1989.4314211394983,47684.0,47684
47689.246,0.112814233621,0.29399760705899997,0.2208,0.2361,0.452,27.0,0.10797372425918586,1989.445118899551,47689.0,47689
47694.254,0.360814126575,-0.10330199415899999,0.3181,0.288,0.444,27.0,0.358890659724575,1989.45883034915,47694.0,47694
47700.265999999996,-0.079947339834,0.474998421396,0.4482,0.3891,0.16899999999999998,15.0,-0.07109664514590744,1989.475290659651,47700.0,47700
47709.24,-1.02657358593,0.189997189182,0.2421,0.246,0.475,61.0,-1.0081001539933165,1989.4998606573947,47709.0,47709
47717.29,-3.9800151412309996,-0.193402797777,0.2889,0.2526,-0.096,18.0,-3.905811350509866,1989.5219008269778,47717.0,47717
47724.234000000004,1.3417157798250001,0.21060002381999998,0.3398,0.338,0.529,42.0,1.3120714522057189,1989.5409128689137,47724.0,47724
47729.245,1.075004206733,-1.030701616855,0.1836,0.2117,0.4,41.0,0.552785677775677,1989.5546325322405,47729.0,47729
47734.242,-0.5608922456059999,0.262799983375,0.4033,0.4058,0.48,54.0,-0.5416347785525286,1989.5683138648376,47734.0,47734
47735.268,0.250998194856,0.47189879523999995,0.5536,0.5084,0.35200000000000004,19.0,0.22356578467647711,1989.5711229597434,47735.0,47735
47743.205,0.961770393307,-2.867702414733,0.5864,0.5674,0.28800000000000003,10.0,-0.9259213224634115,1989.5928537455795,47743.0,47743
47744.257000000005,11.997923667648001,-0.963302397849,0.2804,0.2612,0.522,57.0,6.848553611435697,1989.5957340261261,47744.0,47744
47749.257000000005,1.2912764861650001,1.845298800163,0.3401,0.3,0.494,23.0,-0.35002382649125346,1989.609423572451,47749.0,47749
47754.239,-2.206864586216,0.62829720946,0.8804,0.4098,0.599,54.0,-1.785418611262535,1989.623063836409,47754.0,47754
47764.247,0.056047287035999996,1.4646996191909998,0.2518,0.2621,0.496,57.0,0.005935282887454937,1989.650464832333,47764.0,47764
47779.251,-4.955100115793,3.981398378983,0.6593,0.5278,0.153,50.0,3.3080618939890636,1989.6915444229446,47779.0,47779
47780.310999999994,4.953331097624,3.163597205003,0.5003,0.4924,-0.261,9.0,-4.95213194385168,1989.6944466067653,47780.0,47780
47787.258,0.505625165909,-2.549901614657,1.5305,2.3434,0.6729999999999999,3.0,-0.41966821184247305,1989.7134668624292,47787.0,47787
47789.248,-0.08723434790899999,-2.413501181309,0.575,0.4894,-0.19,58.0,0.06511571118311422,1989.7189153018664,47789.0,47789
47790.275,1.489106236738,-0.739900787039,0.4319,0.2698,0.09,19.0,1.0997577494052555,1989.7217271346815,47790.0,47790
47794.252,0.8605312193629999,1.0644983774449999,0.2547,0.243,0.484,50.0,0.4173085606630747,1989.7326157998284,47794.0,47794
47799.242,0.40267666246,-2.897600393226,0.2577,0.2613,0.45399999999999996,53.0,-0.3907498894854804,1989.7462779670605,47799.0,47799
47804.238,-0.106666505811,0.022899621398999998,0.2497,0.2442,0.496,58.0,-0.10663853946677501,1989.7599565617484,47804.0,47804
47809.249,0.516240870436,0.098298022522,0.1872,0.1881,0.444,49.0,0.5137487890275755,1989.7736762250752,47809.0,47809
47811.36,-1.457678743872,1.756396807195,0.8967,0.9199,-0.275,3.0,0.26899527502673,1989.7794559515335,47811.0,47811
47814.25,1.4561198428920001,0.628898379773,0.3389,0.3211,0.475,50.0,1.1775292161787136,1989.787368509309,47814.0,47814
47819.25,-0.016492808272,-1.8836027777520001,0.3507,0.3519,0.501,52.0,0.005075333688052512,1989.801058055634,47819.0,47819
47822.314000000006,1.0795923380799999,1.317499197739,0.6377,0.9796,-0.153,86.0,0.27054285808252027,1989.8094470096219,47822.0,47822
47823.18,-4.4918477645240005,8.845696783055,1.0326,1.615,0.16699999999999998,4.0,3.7595231075847586,1989.8118180390454,47823.0,47823
47824.25,-0.592919243392,-0.314600390539,0.22,0.2205,0.413,58.0,-0.5638188313105804,1989.8147476019587,47824.0,47824
47829.254,0.673587020079,0.892699188171,0.3725,0.3416,0.365,55.0,0.42254940491574516,1989.8284480999207,47829.0,47829
47830.343,-0.645308257639,1.122199216752,0.9993,1.558,0.1,5.0,-0.27987140342116873,1989.8314296831104,47830.0,47830
47834.247,-0.381505023891,-0.171302383478,0.2345,0.2277,0.502,58.0,-0.3759211602494725,1989.8421184808808,47834.0,47834
47834.422,-0.5623014135450001,0.757897220183,0.6992,0.688,-0.414,16.0,-0.40838998974608215,1989.8425976150022,47834.0,47834
47839.251,-0.704234346517,-0.38800082506899997,0.3037,0.323,0.525,56.0,-0.6518866879440448,1989.8558189788425,47839.0,47839
47844.255,0.7021954406759999,-1.275703203873,0.2257,0.2237,0.54,51.0,0.2042187620563929,1989.8695194768045,47844.0,47844
47844.66,0.178068016335,0.034099213053,0.6443,0.411,-0.037000000000000005,18.0,0.17796450150913679,1989.870628330057,47844.0,47844
47849.252,-0.484873066234,0.21209760348,0.1914,0.1932,0.465,63.0,-0.4740077867694155,1989.8832008094016,47849.0,47849
47850.219000000005,-0.34935778965400005,-0.130701619128,0.2559,0.3926,0.21,24.0,-0.3463780108159847,1989.8858483676609,47850.0,47850
47852.239,2.730332776063,0.7932996084039999,2.2085,1.9862,0.547,3.0,1.915321891665846,1989.8913789443761,47852.0,47852
47854.248,-0.45470509008500004,-0.003200409537,0.2349,0.2429,0.504,52.0,-0.4547027614009889,1989.8968794040893,47854.0,47854
47857.232,2.062143550351,10.328896803458,1.3878,1.9495,0.542,3.0,-1.2751848319336512,1989.905049325336,47857.0,47857
47859.255999999994,-0.40300627970700004,-0.57149999293,0.2257,0.2449,0.436,46.0,-0.33896478718602935,1989.9105908536883,47859.0,47859
47864.183,-0.017722787487,-0.304902010839,0.268,0.2282,0.414,54.0,-0.01690534825578358,1989.924080532637,47864.0,47864
47865.352,-1.7453517974360002,0.148298397562,0.7942,0.8445,-0.20600000000000002,4.0,-1.726194695041349,1989.9272811485675,47865.0,47865
47874.26,-0.34593917155500004,0.18949680225,0.2085,0.2093,0.48100000000000004,27.0,-0.33974656431511097,1989.9516704443,47874.0,47874
47878.095,-2.361632054673,-3.075001194475,1.0122,1.2471,0.534,3.0,2.3563977522871067,1989.962170326331,47878.0,47878
47879.25,0.16739258223300002,0.49819681180500003,0.2367,0.2401,0.431,42.0,0.1470452822179635,1989.9653326115322,47879.0,47879
47880.29,-0.21474287504200001,-0.258501597727,0.1472,0.162,-0.027000000000000003,30.0,-0.2076078504373088,1989.9681800371677,47880.0,47880
47882.453,0.46942961658,0.614296811818,0.2114,0.2462,0.04,9.0,0.38360800368499365,1989.9741021349078,47882.0,47882
47883.512,0.03892469995,-0.26660161438499996,0.2713,0.2145,0.48700000000000004,46.0,0.03754955980459365,1989.9770015808194,47883.0,47883
47889.257000000005,-0.461572518355,0.102297588001,0.6057,0.2796,0.609,50.0,-0.45915949253541577,1989.9927308695467,47889.0,47889
47894.254,-0.07050114855600001,0.05719682008,0.1533,0.1348,-0.155,48.0,-0.07038585857609642,1990.0064122021438,47894.0,47894
47899.258,2.483292974652,0.403696787998,0.1832,0.1701,-0.004,41.0,2.2836737333900468,1990.0201127001055,47899.0,47899
47902.425,4.43757027296,3.363497972941,2.1097,2.3717,0.628,3.0,-4.3287605221821455,1990.0287836587477,47902.0,47902
47904.262,1.021745799893,-0.352501183443,0.1447,0.138,-0.092,45.0,0.9589208219745577,1990.0338131980675,47904.0,47904
47909.233,0.813930082695,1.9044000168830002,0.9411,0.9373,0.6990000000000001,7.0,-0.2665215360747966,1990.0474233450236,47909.0,47909
47909.251,-0.536452376552,-0.310402788273,0.1541,0.1375,-0.077,49.0,-0.5108156493234269,1990.0474726273903,47909.0,47909
47914.251,0.403846216619,-0.7681032002439999,0.156,0.1381,-0.091,49.0,0.2904582362358975,1990.0611621737153,47914.0,47914
47914.255,0.292621812444,-0.851400000101,0.8587,0.6436,-0.09300000000000001,14.0,0.19281749769941345,1990.0611731253523,47914.0,47914
47915.310999999994,-0.805652709184,-2.278400393152,0.8701,0.8805,0.423,32.0,0.5236862789743822,1990.0640643575362,47915.0,47915
47918.174000000006,0.427356922596,-0.266302794216,0.772,1.0287,-0.198,52.0,0.41229279111415335,1990.0719029917618,47918.0,47918
47919.244000000006,-3.157508996242,2.338898406151,1.8969,0.8552,-0.20600000000000002,10.0,2.1937470979922247,1990.0748325546754,47919.0,47919
47919.248,-0.319969979932,1.512799178727,0.1511,0.1427,-0.013999999999999999,49.0,-0.018546944590631952,1990.0748435063124,47919.0,47919
47921.096,0.814410128467,-0.151801208403,0.1761,0.1876,0.086,18.0,0.80504466030451,1990.079903162634,47921.0,47921
47924.248,-0.51713975962,0.179197201078,0.2014,0.1885,-0.001,37.0,-0.5088588526137123,1990.088533052637,47924.0,47924
47924.263,1.401152147458,-0.5185008262740001,1.0874,0.9552,-0.166,6.0,1.2169890721388978,1990.0885741212762,47924.0,47924
47929.249,0.834741911945,-0.383900425049,0.1631,0.1506,-0.012,46.0,0.773981739115117,1990.1022253368712,47929.0,47929
47930.33,-1.496722902971,-0.17040239299600002,0.2934,0.3239,0.098,3.0,-1.4750452804366736,1990.1051850167867,47930.0,47930
47931.082,0.390921677668,0.085096780822,0.8764,1.0138,-0.221,15.0,0.38950710934806293,1990.107243924554,47931.0,47931
,,,,,,,,,,45755
,,,,,,,,,,45756
,,,,,,,,,,45757
,,,,,,,,,,45758
,,,,,,,,,,45760
,,,,,,,,,,45761
,,,,,,,,,,45762
,,,,,,,,,,45763
,,,,,,,,,,45765
,,,,,,,,,,45766
,,,,,,,,,,45767
,,,,,,,,,,45768
,,,,,,,,,,45770
,,,,,,,,,,45771
,,,,,,,,,,45772
,,,,,,,,,,45773
,,,,,,,,,,45774
,,,,,,,,,,45775
,,,,,,,,,,45776
,,,,,,,,,,45777
,,,,,,,,,,45778
,,,,,,,,,,45779
,,,,,,,,,,45780
,,,,,,,,,,45781
,,,,,,,,,,45782
,,,,,,,,,,45783
,,,,,,,,,,45784
,,,,,,,,,,45785
,,,,,,,,,,45786
,,,,,,,,,,45787
,,,,,,,,,,45788
,,,,,,,,,,45789
,,,,,,,,,,45790
,,,,,,,,,,45791
,,,,,,,,,,45792
,,,,,,,,,,45793
,,,,,,,,,,45794
,,,,,,,,,,45795
,,,,,,,,,,45796
,,,,,,,,,,45797
,,,,,,,,,,45798
,,,,,,,,,,45799
,,,,,,,,,,45800
,,,,,,,,,,45801
,,,,,,,,,,45802
,,,,,,,,,,45803
,,,,,,,,,,45804
,,,,,,,,,,45805
,,,,,,,,,,45806
,,,,,,,,,,45807
,,,,,,,,,,45808
,,,,,,,,,,45809
,,,,,,,,,,45810
,,,,,,,,,,45811
,,,,,,,,,,45812
,,,,,,,,,,45813
,,,,,,,,,,45814
,,,,,,,,,,45815
,,,,,,,,,,45816
,,,,,,,,,,45817
,,,,,,,,,,45818
,,,,,,,,,,45819
,,,,,,,,,,45820
,,,,,,,,,,45821
,,,,,,,,,,45822
,,,,,,,,,,45823
,,,,,,,,,,45824
,,,,,,,,,,45825
,,,,,,,,,,45826
,,,,,,,,,,45827
,,,,,,,,,,45828
,,,,,,,,,,45829
,,,,,,,,,,45830
,,,,,,,,,,45831
,,,,,,,,,,45832
,,,,,,,,,,45833
,,,,,,,,,,45834
,,,,,,,,,,45835
,,,,,,,,,,45836
,,,,,,,,,,45837
,,,,,,,,,,45838
,,,,,,,,,,45839
,,,,,,,,,,45840
,,,,,,,,,,45841
,,,,,,,,,,45842
,,,,,,,,,,45843
,,,,,,,,,,45844
,,,,,,,,,,45845
,,,,,,,,,,45846
,,,,,,,,,,45847
,,,,,,,,,,45848
,,,,,,,,,,45849
,,,,,,,,,,45850
,,,,,,,,,,45851
,,,,,,,,,,45852
,,,,,,,,,,45853
,,,,,,,,,,45854
,,,,,,,,,,45855
,,,,,,,,,,45856
,,,,,,,,,,45857
,,,,,,,,,,45858
,,,,,,,,,,45859
,,,,,,,,,,45860
,,,,,,,,,,45861
,,,,,,,,,,45862
,,,,,,,,,,45863
,,,,,,,,,,45865
,,,,,,,,,,45866
,,,,,,,,,,45867
,,,,,,,,,,45868
,,,,,,,,,,45869
,,,,,,,,,,45870
,,,,,,,,,,45871
,,,,,,,,,,45872
,,,,,,,,,,45873
,,,,,,,,,,45875
,,,,,,,,,,45876
,,,,,,,,,,45877
,,,,,,,,,,45878
,,,,,,,,,,45880
,,,,,,,,,,45881
,,,,,,,,,,45882
,,,,,,,,,,45883
,,,,,,,,,,45885
,,,,,,,,,,45886
,,,,,,,,,,45887
,,,,,,,,,,45888
,,,,,,,,,,45890
,,,,,,,,,,45891
,,,,,,,,,,45892
,,,,,,,,,,45893
,,,,,,,,,,45895
,,,,,,,,,,45896
,,,,,,,,,,45897
,,,,,,,,,,45898
,,,,,,,,,,45900
,,,,,,,,,,45901
,,,,,,,,,,45902
,,,,,,,,,,45903
,,,,,,,,,,45905
,,,,,,,,,,45906
,,,,,,,,,,45907
,,,,,,,,,,45908
,,,,,,,,,,45910
,,,,,,,,,,45911
,,,,,,,,,,45912
,,,,,,,,,,45913
,,,,,,,,,,45914
,,,,,,,,,,45915
,,,,,,,,,,45916
,,,,,,,,,,45917
,,,,,,,,,,45918
,,,,,,,,,,45919
,,,,,,,,,,45920
,,,,,,,,,,45921
,,,,,,,,,,45922
,,,,,,,,,,45923
,,,,,,,,,,45924
,,,,,,,,,,45925
,,,,,,,,,,45926
,,,,,,,,,,45927
,,,,,,,,,,45928
,,,,,,,,,,45929
,,,,,,,,,,45930
,,,,,,,,,,45931
,,,,,,,,,,45932
,,,,,,,,,,45933
,,,,,,,,,,45934
,,,,,,,,,,45935
,,,,,,,,,,45936
,,,,,,,,,,45937
,,,,,,,,,,45938
,,,,,,,,,,45940
,,,,,,,,,,45941
,,,,,,,,,,45942
,,,,,,,,,,45943
,,,,,,,,,,45945
,,,,,,,,,,45946
,,,,,,,,,,45947
,,,,,,,,,,45948
,,,,,,,,,,45950
,,,,,,,,,,45951
,,,,,,,,,,45952
,,,,,,,,,,45953
,,,,,,,,,,45955
,,,,,,,,,,45956
,,,,,,,,,,45957
,,,,,,,,,,45958
,,,,,,,,,,45960
,,,,,,,,,,45961
,,,,,,,,,,45962
,,,,,,,,,,45963
,,,,,,,,,,45965
,,,,,,,,,,45966
,,,,,,,,,,45967
,,,,,,,,,,45968
,,,,,,,,,,45970
,,,,,,,,,,45971
,,,,,,,,,,45972
,,,,,,,,,,45973
,,,,,,,,,,45975
,,,,,,,,,,45976
,,,,,,,,,,45977
,,,,,,,,,,45978
,,,,,,,,,,45980
,,,,,,,,,,45981
,,,,,,,,,,45982
,,,,,,,,,,45983
,,,,,,,,,,45985
,,,,,,,,,,45986
,,,,,,,,,,45987
,,,,,,,,,,45988
,,,,,,,,,,45990
,,,,,,,,,,45991
,,,,,,,,,,45992
,,,,,,,,,,45993
,,,,,,,,,,45995
,,,,,,,,,,45996
,,,,,,,,,,45997
,,,,,,,,,,45998
,,,,,,,,,,46000
,,,,,,,,,,46001
,,,,,,,,,,46002
,,,,,,,,,,46003
,,,,,,,,,,46005
,,,,,,,,,,46006
,,,,,,,,,,46007
,,,,,,,,,,46008
,,,,,,,,,,46010
,,,,,,,,,,46011
,,,,,,,,,,46012
,,,,,,,,,,46013
,,,,,,,,,,46015
,,,,,,,,,,46016
,,,,,,,,,,46017
,,,,,,,,,,46018
,,,,,,,,,,46020
,,,,,,,,,,46021
,,,,,,,,,,46022
,,,,,,,,,,46023
,,,,,,,,,,46025
,,,,,,,,,,46026
,,,,,,,,,,46027
,,,,,,,,,,46028
,,,,,,,,,,46030
,,,,,,,,,,46031
,,,,,,,,,,46032
,,,,,,,,,,46033
,,,,,,,,,,46035
,,,,,,,,,,46036
,,,,,,,,,,46037
,,,,,,,,,,46038
,,,,,,,,,,46040
,,,,,,,,,,46041
,,,,,,,,,,46042
,,,,,,,,,,46043
,,,,,,,,,,46045
,,,,,,,,,,46046
,,,,,,,,,,46047
,,,,,,,,,,46048
,,,,,,,,,,46050
,,,,,,,,,,46051
,,,,,,,,,,46052
,,,,,,,,,,46053
,,,,,,,,,,46055
,,,,,,,,,,46056
,,,,,,,,,,46058
,,,,,,,,,,46059
,,,,,,,,,,46060
,,,,,,,,,,46061
,,,,,,,,,,46062
,,,,,,,,,,46063
,,,,,,,,,,46065
,,,,,,,,,,46066
,,,,,,,,,,46067
,,,,,,,,,,46068
,,,,,,,,,,46070
,,,,,,,,,,46071
,,,,,,,,,,46072
,,,,,,,,,,46073
,,,,,,,,,,46075
,,,,,,,,,,46076
,,,,,,,,,,46077
,,,,,,,,,,46078
,,,,,,,,,,46080
,,,,,,,,,,46081
,,,,,,,,,,46082
,,,,,,,,,,46083
,,,,,,,,,,46085
,,,,,,,,,,46086
,,,,,,,,,,46087
,,,,,,,,,,46088
,,,,,,,,,,46090
,,,,,,,,,,46091
,,,,,,,,,,46092
,,,,,,,,,,46093
,,,,,,,,,,46095
,,,,,,,,,,46096
,,,,,,,,,,46097
,,,,,,,,,,46098
,,,,,,,,,,46100
,,,,,,,,,,46101
,,,,,,,,,,46102
,,,,,,,,,,46103
,,,,,,,,,,46105
,,,,,,,,,,46106
,,,,,,,,,,46107
,,,,,,,,,,46108
,,,,,,,,,,46110
,,,,,,,,,,46111
,,,,,,,,,,46112
,,,,,,,,,,46113
,,,,,,,,,,46115
,,,,,,,,,,46116
,,,,,,,,,,46117
,,,,,,,,,,46118
,,,,,,,,,,46120
,,,,,,,,,,46121
,,,,,,,,,,46122
,,,,,,,,,,46123
,,,,,,,,,,46125
,,,,,,,,,,46126
,,,,,,,,,,46127
,,,,,,,,,,46128
,,,,,,,,,,46130
,,,,,,,,,,46131
,,,,,,,,,,46132
,,,,,,,,,,46133
,,,,,,,,,,46135
,,,,,,,,,,46136
,,,,,,,,,,46137
,,,,,,,,,,46138
,,,,,,,,,,46140
,,,,,,,,,,46141
,,,,,,,,,,46142
,,,,,,,,,,46143
,,,,,,,,,,46145
,,,,,,,,,,46146
,,,,,,,,,,46147
,,,,,,,,,,46148
,,,,,,,,,,46150
,,,,,,,,,,46151
,,,,,,,,,,46152
,,,,,,,,,,46153
,,,,,,,,,,46155
,,,,,,,,,,46156
,,,,,,,,,,46157
,,,,,,,,,,46158
,,,,,,,,,,46160
,,,,,,,,,,46161
,,,,,,,,,,46162
,,,,,,,,,,46163
,,,,,,,,,,46165
,,,,,,,,,,46166
,,,,,,,,,,46167
,,,,,,,,,,46168
,,,,,,,,,,46170
,,,,,,,,,,46171
,,,,,,,,,,46172
,,,,,,,,,,46173
,,,,,,,,,,46175
,,,,,,,,,,46176
,,,,,,,,,,46177
,,,,,,,,,,46178
,,,,,,,,,,46180
,,,,,,,,,,46181
,,,,,,,,,,46182
,,,,,,,,,,46183
,,,,,,,,,,46185
,,,,,,,,,,46186
,,,,,,,,,,46187
,,,,,,,,,,46188
,,,,,,,,,,46190
,,,,,,,,,,46191
,,,,,,,,,,46192
,,,,,,,,,,46193
,,,,,,,,,,46195
,,,,,,,,,,46196
,,,,,,,,,,46197
,,,,,,,,,,46198
,,,,,,,,,,46200
,,,,,,,,,,46202
,,,,,,,,,,46203
,,,,,,,,,,46205
,,,,,,,,,,46206
,,,,,,,,,,46207
,,,,,,,,,,46208
,,,,,,,,,,46210
,,,,,,,,,,46211
,,,,,,,,,,46212
,,,,,,,,,,46213
,,,,,,,,,,46215
,,,,,,,,,,46216
,,,,,,,,,,46217
,,,,,,,,,,46218
,,,,,,,,,,46220
,,,,,,,,,,46221
,,,,,,,,,,46222
,,,,,,,,,,46223
,,,,,,,,,,46225
,,,,,,,,,,46226
,,,,,,,,,,46227
,,,,,,,,,,46228
,,,,,,,,,,46230
,,,,,,,,,,46231
,,,,,,,,,,46232
,,,,,,,,,,46233
,,,,,,,,,,46235
,,,,,,,,,,46236
,,,,,,,,,,46237
,,,,,,,,,,46238
,,,,,,,,,,46240
,,,,,,,,,,46241
,,,,,,,,,,46242
,,,,,,,,,,46243
,,,,,,,,,,46245
,,,,,,,,,,46246
,,,,,,,,,,46247
,,,,,,,,,,46248
,,,,,,,,,,46250
,,,,,,,,,,46251
,,,,,,,,,,46252
,,,,,,,,,,46253
,,,,,,,,,,46255
,,,,,,,,,,46256
,,,,,,,,,,46257
,,,,,,,,,,46258
,,,,,,,,,,46260
,,,,,,,,,,46261
,,,,,,,,,,46262
,,,,,,,,,,46263
,,,,,,,,,,46265
,,,,,,,,,,46266
,,,,,,,,,,46267
,,,,,,,,,,46268
,,,,,,,,,,46270
,,,,,,,,,,46271
,,,,,,,,,,46272
,,,,,,,,,,46273
,,,,,,,,,,46275
,,,,,,,,,,46276
,,,,,,,,,,46277
,,,,,,,,,,46278
,,,,,,,,,,46280
,,,,,,,,,,46281
,,,,,,,,,,46282
,,,,,,,,,,46283
,,,,,,,,,,46285
,,,,,,,,,,46286
,,,,,,,,,,46287
,,,,,,,,,,46288
,,,,,,,,,,46290
,,,,,,,,,,46291
,,,,,,,,,,46292
,,,,,,,,,,46293
,,,,,,,,,,46294
,,,,,,,,,,46295
,,,,,,,,,,46296
,,,,,,,,,,46297
,,,,,,,,,,46298
,,,,,,,,,,46300
,,,,,,,,,,46301
,,,,,,,,,,46302
,,,,,,,,,,46303
,,,,,,,,,,46305
,,,,,,,,,,46306
,,,,,,,,,,46307
,,,,,,,,,,46308
,,,,,,,,,,46310
,,,,,,,,,,46311
,,,,,,,,,,46312
,,,,,,,,,,46313
,,,,,,,,,,46315
,,,,,,,,,,46316
,,,,,,,,,,46317
,,,,,,,,,,46318
,,,,,,,,,,46320
,,,,,,,,,,46321
,,,,,,,,,,46322
,,,,,,,,,,46323
,,,,,,,,,,46325
,,,,,,,,,,46326
,,,,,,,,,,46327
,,,,,,,,,,46328
,,,,,,,,,,46330
,,,,,,,,,,46331
,,,,,,,,,,46332
,,,,,,,,,,46333
,,,,,,,,,,46335
,,,,,,,,,,46336
,,,,,,,,,,46337
,,,,,,,,,,46338
,,,,,,,,,,46340
,,,,,,,,,,46341
,,,,,,,,,,46342
,,,,,,,,,,46343
,,,,,,,,,,46345
,,,,,,,,,,46346
,,,,,,,,,,46347
,,,,,,,,,,46348
,,,,,,,,,,46350
,,,,,,,,,,46351
,,,,,,,,,,46352
,,,,,,,,,,46353
,,,,,,,,,,46355
,,,,,,,,,,46356
,,,,,,,,,,46357
,,,,,,,,,,46358
,,,,,,,,,,46360
,,,,,,,,,,46361
,,,,,,,,,,46362
,,,,,,,,,,46363
,,,,,,,,,,46365
,,,,,,,,,,46366
,,,,,,,,,,46367
,,,,,,,,,,46368
,,,,,,,,,,46370
,,,,,,,,,,46371
,,,,,,,,,,46372
,,,,,,,,,,46373
,,,,,,,,,,46375
,,,,,,,,,,46376
,,,,,,,,,,46377
,,,,,,,,,,46378
,,,,,,,,,,46380
,,,,,,,,,,46381
,,,,,,,,,,46382
,,,,,,,,,,46383
,,,,,,,,,,46385
,,,,,,,,,,46386
,,,,,,,,,,46387
,,,,,,,,,,46388
,,,,,,,,,,46390
,,,,,,,,,,46391
,,,,,,,,,,46392
,,,,,,,,,,46393
,,,,,,,,,,46395
,,,,,,,,,,46396
,,,,,,,,,,46397
,,,,,,,,,,46398
,,,,,,,,,,46400
,,,,,,,,,,46401
,,,,,,,,,,46402
,,,,,,,,,,46403
,,,,,,,,,,46405
,,,,,,,,,,46406
,,,,,,,,,,46407
,,,,,,,,,,46408
,,,,,,,,,,46410
,,,,,,,,,,46411
,,,,,,,,,,46412
,,,,,,,,,,46413
,,,,,,,,,,46415
,,,,,,,,,,46416
,,,,,,,,,,46417
,,,,,,,,,,46418
,,,,,,,,,,46420
,,,,,,,,,,46421
,,,,,,,,,,46423
,,,,,,,,,,46424
,,,,,,,,,,46425
,,,,,,,,,,46426
,,,,,,,,,,46427
,,,,,,,,,,46428
,,,,,,,,,,46430
,,,,,,,,,,46431
,,,,,,,,,,46432
,,,,,,,,,,46433
,,,,,,,,,,46435
,,,,,,,,,,46436
,,,,,,,,,,46437
,,,,,,,,,,46438
,,,,,,,,,,46440
,,,,,,,,,,46441
,,,,,,,,,,46442
,,,,,,,,,,46443
,,,,,,,,,,46445
,,,,,,,,,,46446
,,,,,,,,,,46447
,,,,,,,,,,46448
,,,,,,,,,,46450
,,,,,,,,,,46451
,,,,,,,,,,46452
,,,,,,,,,,46453
,,,,,,,,,,46455
,,,,,,,,,,46456
,,,,,,,,,,46457
,,,,,,,,,,46458
,,,,,,,,,,46460
,,,,,,,,,,46461
,,,,,,,,,,46462
,,,,,,,,,,46463
,,,,,,,,,,46465
,,,,,,,,,,46466
,,,,,,,,,,46467
,,,,,,,,,,46468
,,,,,,,,,,46470
,,,,,,,,,,46471
,,,,,,,,,,46472
,,,,,,,,,,46473
,,,,,,,,,,46475
,,,,,,,,,,46476
,,,,,,,,,,46477
,,,,,,,,,,46478
,,,,,,,,,,46480
,,,,,,,,,,46481
,,,,,,,,,,46482
,,,,,,,,,,46483
,,,,,,,,,,46485
,,,,,,,,,,46486
,,,,,,,,,,46487
,,,,,,,,,,46488
,,,,,,,,,,46490
,,,,,,,,,,46491
,,,,,,,,,,46492
,,,,,,,,,,46493
,,,,,,,,,,46495
,,,,,,,,,,46496
,,,,,,,,,,46497
,,,,,,,,,,46498
,,,,,,,,,,46500
,,,,,,,,,,46501
,,,,,,,,,,46502
,,,,,,,,,,46503
,,,,,,,,,,46505
,,,,,,,,,,46506
,,,,,,,,,,46507
,,,,,,,,,,46508
,,,,,,,,,,46510
,,,,,,,,,,46511
,,,,,,,,,,46512
,,,,,,,,,,46513
,,,,,,,,,,46515
,,,,,,,,,,46516
,,,,,,,,,,46517
,,,,,,,,,,46519
,,,,,,,,,,46520
,,,,,,,,,,46521
,,,,,,,,,,46522
,,,,,,,,,,46523
,,,,,,,,,,46525
,,,,,,,,,,46526
,,,,,,,,,,46527
,,,,,,,,,,46528
,,,,,,,,,,46530
,,,,,,,,,,46531
,,,,,,,,,,46532
,,,,,,,,,,46533
,,,,,,,,,,46535
,,,,,,,,,,46536
,,,,,,,,,,46537
,,,,,,,,,,46538
,,,,,,,,,,46540
,,,,,,,,,,46541
,,,,,,,,,,46542
,,,,,,,,,,46543
,,,,,,,,,,46545
,,,,,,,,,,46546
,,,,,,,,,,46547
,,,,,,,,,,46548
,,,,,,,,,,46550
,,,,,,,,,,46551
,,,,,,,,,,46552
,,,,,,,,,,46553
,,,,,,,,,,46555
,,,,,,,,,,46556
,,,,,,,,,,46557
,,,,,,,,,,46558
,,,,,,,,,,46560
,,,,,,,,,,46561
,,,,,,,,,,46562
,,,,,,,,,,46563
,,,,,,,,,,46565
,,,,,,,,,,46566
,,,,,,,,,,46568
,,,,,,,,,,46569
,,,,,,,,,,46570
,,,,,,,,,,46571
,,,,,,,,,,46572
,,,,,,,,,,46573
,,,,,,,,,,46575
,,,,,,,,,,46576
,,,,,,,,,,46577
,,,,,,,,,,46578
,,,,,,,,,,46580
,,,,,,,,,,46581
,,,,,,,,,,46582
,,,,,,,,,,46583
,,,,,,,,,,46585
,,,,,,,,,,46586
,,,,,,,,,,46587
,,,,,,,,,,46588
,,,,,,,,,,46590
,,,,,,,,,,46591
,,,,,,,,,,46592
,,,,,,,,,,46593
,,,,,,,,,,46595
,,,,,,,,,,46596
,,,,,,,,,,46597
,,,,,,,,,,46598
,,,,,,,,,,46600
,,,,,,,,,,46601
,,,,,,,,,,46602
,,,,,,,,,,46603
,,,,,,,,,,46605
,,,,,,,,,,46606
,,,,,,,,,,46607
,,,,,,,,,,46608
,,,,,,,,,,46610
,,,,,,,,,,46611
,,,,,,,,,,46612
,,,,,,,,,,46613
,,,,,,,,,,46615
,,,,,,,,,,46616
,,,,,,,,,,46617
,,,,,,,,,,46618
,,,,,,,,,,46620
,,,,,,,,,,46621
,,,,,,,,,,46622
,,,,,,,,,,46623
,,,,,,,,,,46625
,,,,,,,,,,46626
,,,,,,,,,,46627
,,,,,,,,,,46628
,,,,,,,,,,46630
,,,,,,,,,,46631
,,,,,,,,,,46632
,,,,,,,,,,46633
,,,,,,,,,,46635
,,,,,,,,,,46636
,,,,,,,,,,46637
,,,,,,,,,,46638
,,,,,,,,,,46640
,,,,,,,,,,46641
,,,,,,,,,,46642
,,,,,,,,,,46643
,,,,,,,,,,46645
,,,,,,,,,,46646
,,,,,,,,,,46647
,,,,,,,,,,46648
,,,,,,,,,,46650
,,,,,,,,,,46651
,,,,,,,,,,46652
,,,,,,,,,,46653
,,,,,,,,,,46655
,,,,,,,,,,46656
,,,,,,,,,,46657
,,,,,,,,,,46658
,,,,,,,,,,46660
,,,,,,,,,,46661
,,,,,,,,,,46662
,,,,,,,,,,46663
,,,,,,,,,,46665
,,,,,,,,,,46666
,,,,,,,,,,46667
,,,,,,,,,,46668
,,,,,,,,,,46670
,,,,,,,,,,46671
,,,,,,,,,,46672
,,,,,,,,,,46673
,,,,,,,,,,46675
,,,,,,,,,,46676
,,,,,,,,,,46677
,,,,,,,,,,46678
,,,,,,,,,,46680
,,,,,,,,,,46681
,,,,,,,,,,46682
,,,,,,,,,,46683
,,,,,,,,,,46685
,,,,,,,,,,46686
,,,,,,,,,,46687
,,,,,,,,,,46688
,,,,,,,,,,46690
,,,,,,,,,,46691
,,,,,,,,,,46692
,,,,,,,,,,46693
,,,,,,,,,,46695
,,,,,,,,,,46696
,,,,,,,,,,46697
,,,,,,,,,,46698
,,,,,,,,,,46700
,,,,,,,,,,46701
,,,,,,,,,,46702
,,,,,,,,,,46703
,,,,,,,,,,46705
,,,,,,,,,,46706
,,,,,,,,,,46707
,,,,,,,,,,46708
,,,,,,,,,,46710
,,,,,,,,,,46711
,,,,,,,,,,46712
,,,,,,,,,,46713
,,,,,,,,,,46715
,,,,,,,,,,46716
,,,,,,,,,,46717
,,,,,,,,,,46718
,,,,,,,,,,46720
,,,,,,,,,,46721
,,,,,,,,,,46722
,,,,,,,,,,46723
,,,,,,,,,,46725
,,,,,,,,,,46726
,,,,,,,,,,46727
,,,,,,,,,,46728
,,,,,,,,,,46730
,,,,,,,,,,46731
,,,,,,,,,,46732
,,,,,,,,,,46733
,,,,,,,,,,46735
,,,,,,,,,,46736
,,,,,,,,,,46737
,,,,,,,,,,46738
,,,,,,,,,,46740
,,,,,,,,,,46741
,,,,,,,,,,46742
,,,,,,,,,,46743
,,,,,,,,,,46745
,,,,,,,,,,46746
,,,,,,,,,,46747
,,,,,,,,,,46748
,,,,,,,,,,46750
,,,,,,,,,,46751
,,,,,,,,,,46752
,,,,,,,,,,46753
,,,,,,,,,,46755
,,,,,,,,,,46756
,,,,,,,,,,46757
,,,,,,,,,,46758
,,,,,,,,,,46760
,,,,,,,,,,46761
,,,,,,,,,,46762
,,,,,,,,,,46763
,,,,,,,,,,46765
,,,,,,,,,,46766
,,,,,,,,,,46767
,,,,,,,,,,46768
,,,,,,,,,,46770
,,,,,,,,,,46771
,,,,,,,,,,46772
,,,,,,,,,,46773
,,,,,,,,,,46775
,,,,,,,,,,46776
,,,,,,,,,,46777
,,,,,,,,,,46778
,,,,,,,,,,46780
,,,,,,,,,,46781
,,,,,,,,,,46782
,,,,,,,,,,46783
,,,,,,,,,,46785
,,,,,,,,,,46786
,,,,,,,,,,46788
,,,,,,,,,,46789
,,,,,,,,,,46790
,,,,,,,,,,46791
,,,,,,,,,,46792
,,,,,,,,,,46793
,,,,,,,,,,46795
,,,,,,,,,,46796
,,,,,,,,,,46797
,,,,,,,,,,46798
,,,,,,,,,,46800
,,,,,,,,,,46801
,,,,,,,,,,46802
,,,,,,,,,,46803
,,,,,,,,,,46805
,,,,,,,,,,46806
,,,,,,,,,,46807
,,,,,,,,,,46808
,,,,,,,,,,46810
,,,,,,,,,,46811
,,,,,,,,,,46812
,,,,,,,,,,46813
,,,,,,,,,,46815
,,,,,,,,,,46816
,,,,,,,,,,46817
,,,,,,,,,,46818
,,,,,,,,,,46820
,,,,,,,,,,46821
,,,,,,,,,,46822
,,,,,,,,,,46823
,,,,,,,,,,46825
,,,,,,,,,,46826
,,,,,,,,,,46827
,,,,,,,,,,46828
,,,,,,,,,,46830
,,,,,,,,,,46831
,,,,,,,,,,46832
,,,,,,,,,,46833
,,,,,,,,,,46835
,,,,,,,,,,46836
,,,,,,,,,,46837
,,,,,,,,,,46838
,,,,,,,,,,46840
,,,,,,,,,,46841
,,,,,,,,,,46842
,,,,,,,,,,46843
,,,,,,,,,,46845
,,,,,,,,,,46846
,,,,,,,,,,46847
,,,,,,,,,,46848
,,,,,,,,,,46850
,,,,,,,,,,46851
,,,,,,,,,,46852
,,,,,,,,,,46853
,,,,,,,,,,46855
,,,,,,,,,,46856
,,,,,,,,,,46857
,,,,,,,,,,46858
,,,,,,,,,,46860
,,,,,,,,,,46861
,,,,,,,,,,46862
,,,,,,,,,,46863
,,,,,,,,,,46865
,,,,,,,,,,46866
,,,,,,,,,,46867
,,,,,,,,,,46868
,,,,,,,,,,46870
,,,,,,,,,,46871
,,,,,,,,,,46872
,,,,,,,,,,46873
,,,,,,,,,,46875
,,,,,,,,,,46876
,,,,,,,,,,46877
,,,,,,,,,,46878
,,,,,,,,,,46880
,,,,,,,,,,46881
,,,,,,,,,,46882
,,,,,,,,,,46883
,,,,,,,,,,46885
,,,,,,,,,,46886
,,,,,,,,,,46887
,,,,,,,,,,46888
,,,,,,,,,,46890
,,,,,,,,,,46891
,,,,,,,,,,46892
,,,,,,,,,,46893
,,,,,,,,,,46895
,,,,,,,,,,46896
,,,,,,,,,,46897
,,,,,,,,,,46898
,,,,,,,,,,46900
,,,,,,,,,,46901
,,,,,,,,,,46902
,,,,,,,,,,46904
,,,,,,,,,,46905
,,,,,,,,,,46906
,,,,,,,,,,46907
,,,,,,,,,,46908
,,,,,,,,,,46910
,,,,,,,,,,46911
,,,,,,,,,,46912
,,,,,,,,,,46913
,,,,,,,,,,46916
,,,,,,,,,,46917
,,,,,,,,,,46918
,,,,,,,,,,46920
,,,,,,,,,,46921
,,,,,,,,,,46922
,,,,,,,,,,46923
,,,,,,,,,,46925
,,,,,,,,,,46926
,,,,,,,,,,46927
,,,,,,,,,,46928
,,,,,,,,,,46930
,,,,,,,,,,46931
,,,,,,,,,,46932
,,,,,,,,,,46933
,,,,,,,,,,46935
,,,,,,,,,,46936
,,,,,,,,,,46937
,,,,,,,,,,46938
,,,,,,,,,,46940
,,,,,,,,,,46941
,,,,,,,,,,46942
,,,,,,,,,,46943
,,,,,,,,,,46946
,,,,,,,,,,46947
,,,,,,,,,,46948
,,,,,,,,,,46950
,,,,,,,,,,46951
,,,,,,,,,,46953
,,,,,,,,,,46954
,,,,,,,,,,46955
,,,,,,,,,,46956
,,,,,,,,,,46957
,,,,,,,,,,46958
,,,,,,,,,,46960
,,,,,,,,,,46961
,,,,,,,,,,46962
,,,,,,,,,,46963
,,,,,,,,,,46965
,,,,,,,,,,46966
,,,,,,,,,,46967
,,,,,,,,,,46968
,,,,,,,,,,46970
,,,,,,,,,,46971
,,,,,,,,,,46972
,,,,,,,,,,46973
,,,,,,,,,,46976
,,,,,,,,,,46977
,,,,,,,,,,46978
,,,,,,,,,,46980
,,,,,,,,,,46981
,,,,,,,,,,46982
,,,,,,,,,,46983
,,,,,,,,,,46985
,,,,,,,,,,46986
,,,,,,,,,,46987
,,,,,,,,,,46988
,,,,,,,,,,46990
,,,,,,,,,,46991
,,,,,,,,,,46992
,,,,,,,,,,46993
,,,,,,,,,,46995
,,,,,,,,,,46996
,,,,,,,,,,46997
,,,,,,,,,,47000
,,,,,,,,,,47001
,,,,,,,,,,47002
,,,,,,,,,,47003
,,,,,,,,,,47005
,,,,,,,,,,47006
,,,,,,,,,,47007
,,,,,,,,,,47008
,,,,,,,,,,47011
,,,,,,,,,,47012
,,,,,,,,,,47013
,,,,,,,,,,47015
,,,,,,,,,,47016
,,,,,,,,,,47017
,,,,,,,,,,47018
,,,,,,,,,,47020
,,,,,,,,,,47021
,,,,,,,,,,47022
,,,,,,,,,,47025
,,,,,,,,,,47026
,,,,,,,,,,47027
,,,,,,,,,,47028
,,,,,,,,,,47030
,,,,,,,,,,47031
,,,,,,,,,,47032
,,,,,,,,,,47033
,,,,,,,,,,47036
,,,,,,,,,,47037
,,,,,,,,,,47038
,,,,,,,,,,47040
,,,,,,,,,,47041
,,,,,,,,,,47042
,,,,,,,,,,47043
,,,,,,,,,,47045
,,,,,,,,,,47046
,,,,,,,,,,47047
,,,,,,,,,,47048
,,,,,,,,,,47050
,,,,,,,,,,47051
,,,,,,,,,,47052
,,,,,,,,,,47053
,,,,,,,,,,47055
,,,,,,,,,,47056
,,,,,,,,,,47057
,,,,,,,,,,47058
,,,,,,,,,,47060
,,,,,,,,,,47061
,,,,,,,,,,47062
,,,,,,,,,,47063
,,,,,,,,,,47066
,,,,,,,,,,47067
,,,,,,,,,,47068
,,,,,,,,,,47070
,,,,,,,,,,47071
,,,,,,,,,,47072
,,,,,,,,,,47073
,,,,,,,,,,47075
,,,,,,,,,,47076
,,,,,,,,,,47077
,,,,,,,,,,47078
,,,,,,,,,,47080
,,,,,,,,,,47081
,,,,,,,,,,47082
,,,,,,,,,,47083
,,,,,,,,,,47085
,,,,,,,,,,47086
,,,,,,,,,,47087
,,,,,,,,,,47088
,,,,,,,,,,47091
,,,,,,,,,,47092
,,,,,,,,,,47093
,,,,,,,,,,47095
,,,,,,,,,,47096
,,,,,,,,,,47097
,,,,,,,,,,47100
,,,,,,,,,,47101
,,,,,,,,,,47102
,,,,,,,,,,47103
,,,,,,,,,,47105
,,,,,,,,,,47106
,,,,,,,,,,47107
,,,,,,,,,,47108
,,,,,,,,,,47110
,,,,,,,,,,47111
,,,,,,,,,,47112
,,,,,,,,,,47113
,,,,,,,,,,47115
,,,,,,,,,,47116
,,,,,,,,,,47117
,,,,,,,,,,47118
,,,,,,,,,,47120
,,,,,,,,,,47121
,,,,,,,,,,47122
,,,,,,,,,,47123
,,,,,,,,,,47125
,,,,,,,,,,47126
,,,,,,,,,,47127
,,,,,,,,,,47128
,,,,,,,,,,47131
,,,,,,,,,,47132
,,,,,,,,,,47133
,,,,,,,,,,47135
,,,,,,,,,,47136
,,,,,,,,,,47137
,,,,,,,,,,47138
,,,,,,,,,,47140
,,,,,,,,,,47141
,,,,,,,,,,47142
,,,,,,,,,,47143
,,,,,,,,,,47145
,,,,,,,,,,47146
,,,,,,,,,,47147
,,,,,,,,,,47148
,,,,,,,,,,47151
,,,,,,,,,,47153
,,,,,,,,,,47154
,,,,,,,,,,47155
,,,,,,,,,,47156
,,,,,,,,,,47157
,,,,,,,,,,47158
,,,,,,,,,,47160
,,,,,,,,,,47161
,,,,,,,,,,47162
,,,,,,,,,,47163
,,,,,,,,,,47166
,,,,,,,,,,47167
,,,,,,,,,,47168
,,,,,,,,,,47170
,,,,,,,,,,47171
,,,,,,,,,,47172
,,,,,,,,,,47173
,,,,,,,,,,47175
,,,,,,,,,,47176
,,,,,,,,,,47178
,,,,,,,,,,47181
,,,,,,,,,,47182
,,,,,,,,,,47183
,,,,,,,,,,47185
,,,,,,,,,,47186
,,,,,,,,,,47187
,,,,,,,,,,47188
,,,,,,,,,,47190
,,,,,,,,,,47191
,,,,,,,,,,47192
,,,,,,,,,,47193
,,,,,,,,,,47195
,,,,,,,,,,47196
,,,,,,,,,,47197
,,,,,,,,,,47198
,,,,,,,,,,47200
,,,,,,,,,,47201
,,,,,,,,,,47202
,,,,,,,,,,47203
,,,,,,,,,,47205
,,,,,,,,,,47206
,,,,,,,,,,47208
,,,,,,,,,,47210
,,,,,,,,,,47211
,,,,,,,,,,47213
,,,,,,,,,,47216
,,,,,,,,,,47217
,,,,,,,,,,47218
,,,,,,,,,,47220
,,,,,,,,,,47221
,,,,,,,,,,47222
,,,,,,,,,,47223
,,,,,,,,,,47225
,,,,,,,,,,47226
,,,,,,,,,,47227
,,,,,,,,,,47228
,,,,,,,,,,47230
,,,,,,,,,,47231
,,,,,,,,,,47232
,,,,,,,,,,47233
,,,,,,,,,,47236
,,,,,,,,,,47237
,,,,,,,,,,47238
,,,,,,,,,,47240
,,,,,,,,,,47241
,,,,,,,,,,47242
,,,,,,,,,,47243
,,,,,,,,,,47245
,,,,,,,,,,47246
,,,,,,,,,,47247
,,,,,,,,,,47248
,,,,,,,,,,47250
,,,,,,,,,,47251
,,,,,,,,,,47252
,,,,,,,,,,47254
,,,,,,,,,,47255
,,,,,,,,,,47256
,,,,,,,,,,47257
,,,,,,,,,,47258
,,,,,,,,,,47260
,,,,,,,,,,47261
,,,,,,,,,,47262
,,,,,,,,,,47263
,,,,,,,,,,47265
,,,,,,,,,,47266
,,,,,,,,,,47267
,,,,,,,,,,47268
,,,,,,,,,,47271
,,,,,,,,,,47272
,,,,,,,,,,47273
,,,,,,,,,,47275
,,,,,,,,,,47276
,,,,,,,,,,47277
,,,,,,,,,,47281
,,,,,,,,,,47282
,,,,,,,,,,47283
,,,,,,,,,,47286
,,,,,,,,,,47287
,,,,,,,,,,47290
,,,,,,,,,,47291
,,,,,,,,,,47292
,,,,,,,,,,47293
,,,,,,,,,,47295
,,,,,,,,,,47296
,,,,,,,,,,47297
,,,,,,,,,,47298
,,,,,,,,,,47301
,,,,,,,,,,47304
,,,,,,,,,,47305
,,,,,,,,,,47306
,,,,,,,,,,47307
,,,,,,,,,,47308
,,,,,,,,,,47310
,,,,,,,,,,47311
,,,,,,,,,,47312
,,,,,,,,,,47313
,,,,,,,,,,47315
,,,,,,,,,,47316
,,,,,,,,,,47317
,,,,,,,,,,47320
,,,,,,,,,,47321
,,,,,,,,,,47322
,,,,,,,,,,47323
,,,,,,,,,,47325
,,,,,,,,,,47326
,,,,,,,,,,47327
,,,,,,,,,,47328
,,,,,,,,,,47330
,,,,,,,,,,47331
,,,,,,,,,,47332
,,,,,,,,,,47333
,,,,,,,,,,47337
,,,,,,,,,,47338
,,,,,,,,,,47340
,,,,,,,,,,47341
,,,,,,,,,,47343
,,,,,,,,,,47345
,,,,,,,,,,47346
,,,,,,,,,,47347
,,,,,,,,,,47350
,,,,,,,,,,47351
,,,,,,,,,,47352
,,,,,,,,,,47353
,,,,,,,,,,47355
,,,,,,,,,,47356
,,,,,,,,,,47357
,,,,,,,,,,47358
,,,,,,,,,,47361
,,,,,,,,,,47362
,,,,,,,,,,47365
,,,,,,,,,,47366
,,,,,,,,,,47367
,,,,,,,,,,47370
,,,,,,,,,,47371
,,,,,,,,,,47372
,,,,,,,,,,47373
,,,,,,,,,,47375
,,,,,,,,,,47376
,,,,,,,,,,47377
,,,,,,,,,,47378
,,,,,,,,,,47380
,,,,,,,,,,47381
,,,,,,,,,,47382
,,,,,,,,,,47383
,,,,,,,,,,47385
,,,,,,,,,,47386
,,,,,,,,,,47387
,,,,,,,,,,47388
,,,,,,,,,,47390
,,,,,,,,,,47391
,,,,,,,,,,47392
,,,,,,,,,,47393
,,,,,,,,,,47396
,,,,,,,,,,47397
,,,,,,,,,,47398
,,,,,,,,,,47400
,,,,,,,,,,47401
,,,,,,,,,,47402
,,,,,,,,,,47405
,,,,,,,,,,47406
,,,,,,,,,,47407
,,,,,,,,,,47408
,,,,,,,,,,47410
,,,,,,,,,,47411
,,,,,,,,,,47412
,,,,,,,,,,47413
,,,,,,,,,,47416
,,,,,,,,,,47417
,,,,,,,,,,47418
,,,,,,,,,,47420
,,,,,,,,,,47421
,,,,,,,,,,47422
,,,,,,,,,,47427
,,,,,,,,,,47428
,,,,,,,,,,47430
,,,,,,,,,,47431
,,,,,,,,,,47433
,,,,,,,,,,47435
,,,,,,,,,,47436
,,,,,,,,,,47437
,,,,,,,,,,47438
,,,,,,,,,,47441
,,,,,,,,,,47442
,,,,,,,,,,47443
,,,,,,,,,,47445
,,,,,,,,,,47446
,,,,,,,,,,47447
,,,,,,,,,,47450
,,,,,,,,,,47451
,,,,,,,,,,47452
,,,,,,,,,,47453
,,,,,,,,,,47455
,,,,,,,,,,47456
,,,,,,,,,,47457
,,,,,,,,,,47458
,,,,,,,,,,47460
,,,,,,,,,,47461
,,,,,,,,,,47462
,,,,,,,,,,47466
,,,,,,,,,,47467
,,,,,,,,,,47468
,,,,,,,,,,47471
,,,,,,,,,,47472
,,,,,,,,,,47476
,,,,,,,,,,47477
,,,,,,,,,,47478
,,,,,,,,,,47480
,,,,,,,,,,47481
,,,,,,,,,,47482
,,,,,,,,,,47483
,,,,,,,,,,47485
,,,,,,,,,,47486
,,,,,,,,,,47487
,,,,,,,,,,47488
,,,,,,,,,,47490
,,,,,,,,,,47491
,,,,,,,,,,47492
,,,,,,,,,,47493
,,,,,,,,,,47495
,,,,,,,,,,47496
,,,,,,,,,,47497
,,,,,,,,,,47498
,,,,,,,,,,47500
,,,,,,,,,,47501
,,,,,,,,,,47503
,,,,,,,,,,47505
,,,,,,,,,,47506
,,,,,,,,,,47507
,,,,,,,,,,47508
,,,,,,,,,,47511
,,,,,,,,,,47513
,,,,,,,,,,47516
,,,,,,,,,,47517
,,,,,,,,,,47519
,,,,,,,,,,47520
,,,,,,,,,,47521
,,,,,,,,,,47522
,,,,,,,,,,47523
,,,,,,,,,,47525
,,,,,,,,,,47526
,,,,,,,,,,47527
,,,,,,,,,,47528
,,,,,,,,,,47530
,,,,,,,,,,47531
,,,,,,,,,,47532
,,,,,,,,,,47533
,,,,,,,,,,47535
,,,,,,,,,,47536
,,,,,,,,,,47537
,,,,,,,,,,47538
,,,,,,,,,,47540
,,,,,,,,,,47541
,,,,,,,,,,47542
,,,,,,,,,,47543
,,,,,,,,,,47545
,,,,,,,,,,47546
,,,,,,,,,,47547
,,,,,,,,,,47548
,,,,,,,,,,47551
,,,,,,,,,,47552
,,,,,,,,,,47555
,,,,,,,,,,47556
,,,,,,,,,,47557
,,,,,,,,,,47558
,,,,,,,,,,47560
,,,,,,,,,,47561
,,,,,,,,,,47562
,,,,,,,,,,47563
,,,,,,,,,,47565
,,,,,,,,,,47566
,,,,,,,,,,47567
,,,,,,,,,,47570
,,,,,,,,,,47571
,,,,,,,,,,47572
,,,,,,,,,,47573
,,,,,,,,,,47575
,,,,,,,,,,47576
,,,,,,,,,,47577
,,,,,,,,,,47578
,,,,,,,,,,47580
,,,,,,,,,,47581
,,,,,,,,,,47582
,,,,,,,,,,47583
,,,,,,,,,,47586
,,,,,,,,,,47587
,,,,,,,,,,47588
,,,,,,,,,,47590
,,,,,,,,,,47591
,,,,,,,,,,47592
,,,,,,,,,,47593
,,,,,,,,,,47595
,,,,,,,,,,47596
,,,,,,,,,,47597
,,,,,,,,,,47598
,,,,,,,,,,47600
,,,,,,,,,,47601
,,,,,,,,,,47602
,,,,,,,,,,47603
,,,,,,,,,,47605
,,,,,,,,,,47606
,,,,,,,,,,47607
,,,,,,,,,,47608
,,,,,,,,,,47610
,,,,,,,,,,47611
,,,,,,,,,,47612
,,,,,,,,,,47613
,,,,,,,,,,47615
,,,,,,,,,,47616
,,,,,,,,,,47618
,,,,,,,,,,47620
,,,,,,,,,,47621
,,,,,,,,,,47622
,,,,,,,,,,47623
,,,,,,,,,,47625
,,,,,,,,,,47626
,,,,,,,,,,47627
,,,,,,,,,,47628
,,,,,,,,,,47630
,,,,,,,,,,47631
,,,,,,,,,,47632
,,,,,,,,,,47633
,,,,,,,,,,47636
,,,,,,,,,,47637
,,,,,,,,,,47638
,,,,,,,,,,47640
,,,,,,,,,,47641
,,,,,,,,,,47642
,,,,,,,,,,47643
,,,,,,,,,,47645
,,,,,,,,,,47646
,,,,,,,,,,47647
,,,,,,,,,,47648
,,,,,,,,,,47650
,,,,,,,,,,47651
,,,,,,,,,,47652
,,,,,,,,,,47653
,,,,,,,,,,47655
,,,,,,,,,,47656
,,,,,,,,,,47657
,,,,,,,,,,47658
,,,,,,,,,,47661
,,,,,,,,,,47662
,,,,,,,,,,47663
,,,,,,,,,,47665
,,,,,,,,,,47666
,,,,,,,,,,47667
,,,,,,,,,,47668
,,,,,,,,,,47671
,,,,,,,,,,47672
,,,,,,,,,,47673
,,,,,,,,,,47675
,,,,,,,,,,47676
,,,,,,,,,,47677
,,,,,,,,,,47678
,,,,,,,,,,47680
,,,,,,,,,,47681
,,,,,,,,,,47683
,,,,,,,,,,47685
,,,,,,,,,,47686
,,,,,,,,,,47687
,,,,,,,,,,47688
,,,,,,,,,,47690
,,,,,,,,,,47691
,,,,,,,,,,47692
,,,,,,,,,,47693
,,,,,,,,,,47695
,,,,,,,,,,47696
,,,,,,,,,,47697
,,,,,,,,,,47698
,,,,,,,,,,47699
,,,,,,,,,,47701
,,,,,,,,,,47702
,,,,,,,,,,47703
,,,,,,,,,,47704
,,,,,,,,,,47705
,,,,,,,,,,47706
,,,,,,,,,,47707
,,,,,,,,,,47708
,,,,,,,,,,47710
,,,,,,,,,,47711
,,,,,,,,,,47712
,,,,,,,,,,47713
,,,,,,,,,,47714
,,,,,,,,,,47715
,,,,,,,,,,47716
,,,,,,,,,,47718
,,,,,,,,,,47719
,,,,,,,,,,47720
,,,,,,,,,,47721
,,,,,,,,,,47722
,,,,,,,,,,47723
,,,,,,,,,,47725
,,,,,,,,,,47726
,,,,,,,,,,47727
,,,,,,,,,,47728
,,,,,,,,,,47730
,,,,,,,,,,47731
,,,,,,,,,,47732
,,,,,,,,,,47733
,,,,,,,,,,47736
,,,,,,,,,,47737
,,,,,,,,,,47738
,,,,,,,,,,47739
,,,,,,,,,,47740
,,,,,,,,,,47741
,,,,,,,,,,47742
,,,,,,,,,,47745
,,,,,,,,,,47746
,,,,,,,,,,47747
,,,,,,,,,,47748
,,,,,,,,,,47750
,,,,,,,,,,47751
,,,,,,,,,,47752
,,,,,,,,,,47753
,,,,,,,,,,47755
,,,,,,,,,,47756
,,,,,,,,,,47757
,,,,,,,,,,47758
,,,,,,,,,,47759
,,,,,,,,,,47760
,,,,,,,,,,47761
,,,,,,,,,,47762
,,,,,,,,,,47763
,,,,,,,,,,47765
,,,,,,,,,,47766
,,,,,,,,,,47767
,,,,,,,,,,47768
,,,,,,,,,,47769
,,,,,,,,,,47770
,,,,,,,,,,47771
,,,,,,,,,,47772
,,,,,,,,,,47773
,,,,,,,,,,47774
,,,,,,,,,,47775
,,,,,,,,,,47776
,,,,,,,,,,47777
,,,,,,,,,,47778
,,,,,,,,,,47781
,,,,,,,,,,47782
,,,,,,,,,,47783
,,,,,,,,,,47784
,,,,,,,,,,47785
,,,,,,,,,,47786
,,,,,,,,,,47788
,,,,,,,,,,47791
,,,,,,,,,,47792
,,,,,,,,,,47793
,,,,,,,,,,47795
,,,,,,,,,,47796
,,,,,,,,,,47797
,,,,,,,,,,47798
,,,,,,,,,,47800
,,,,,,,,,,47801
,,,,,,,,,,47802
,,,,,,,,,,47803
,,,,,,,,,,47805
,,,,,,,,,,47806
,,,,,,,,,,47807
,,,,,,,,,,47808
,,,,,,,,,,47810
,,,,,,,,,,47812
,,,,,,,,,,47813
,,,,,,,,,,47815
,,,,,,,,,,47816
,,,,,,,,,,47817
,,,,,,,,,,47818
,,,,,,,,,,47820
,,,,,,,,,,47821
,,,,,,,,,,47825
,,,,,,,,,,47826
,,,,,,,,,,47827
,,,,,,,,,,47828
,,,,,,,,,,47831
,,,,,,,,,,47832
,,,,,,,,,,47833
,,,,,,,,,,47835
,,,,,,,,,,47836
,,,,,,,,,,47837
,,,,,,,,,,47838
,,,,,,,,,,47840
,,,,,,,,,,47841
,,,,,,,,,,47842
,,,,,,,,,,47843
,,,,,,,,,,47845
,,,,,,,,,,47846
,,,,,,,,,,47847
,,,,,,,,,,47848
,,,,,,,,,,47851
,,,,,,,,,,47853
,,,,,,,,,,47855
,,,,,,,,,,47856
,,,,,,,,,,47858
,,,,,,,,,,47860
,,,,,,,,,,47861
,,,,,,,,,,47862
,,,,,,,,,,47863
,,,,,,,,,,47866
,,,,,,,,,,47867
,,,,,,,,,,47868
,,,,,,,,,,47869
,,,,,,,,,,47870
,,,,,,,,,,47871
,,,,,,,,,,47872
,,,,,,,,,,47873
,,,,,,,,,,47875
,,,,,,,,,,47876
,,,,,,,,,,47877
,,,,,,,,,,47881
,,,,,,,,,,47884
,,,,,,,,,,47885
,,,,,,,,,,47886
,,,,,,,,,,47887
,,,,,,,,,,47888
,,,,,,,,,,47890
,,,,,,,,,,47891
,,,,,,,,,,47892
,,,,,,,,,,47893
,,,,,,,,,,47895
,,,,,,,,,,47896
,,,,,,,,,,47897
,,,,,,,,,,47898
,,,,,,,,,,47900
,,,,,,,,,,47901
,,,,,,,,,,47903
,,,,,,,,,,47905
,,,,,,,,,,47906
,,,,,,,,,,47907
,,,,,,,,,,47908
,,,,,,,,,,47910
,,,,,,,,,,47911
,,,,,,,,,,47912
,,,,,,,,,,47913
,,,,,,,,,,47916
,,,,,,,,,,47917
,,,,,,,,,,47920
,,,,,,,,,,47922
,,,,,,,,,,47923
,,,,,,,,,,47925
,,,,,,,,,,47926
,,,,,,,,,,47927
,,,,,,,,,,47928
